Workbook

Sheet Indicators and Framework Map 
A1: AI Governance
A2: ID | B2: Indicators | C2: Supporting Framework(s) | D2: Regulatory Anchor
A3: AIG-01 | B3: Board / top-management-approved responsible-AI policy or principles. | C3: NIST AI RMF Govern 1.2 & 1.4; ISO 42001:2023 Cl.5.2, Annex A.2
A4: AIG-02 | B4: Board / committee oversight of AI with a named senior owner (e.g. CAIO or accountable executive). | C4: NIST AI RMF Govern 2.1 & 2.3; ISO 42001:2023 Cl.5.3 | D4: FCA/PRA Senior Manager Regime
A5: AIG-03 | B5: Defined AI roles, responsibilities and competence / resourcing. | C5: NIST AI RMF Govern 2.1 & 2.2; ISO 42001:2023 Cl.5.3, Annex A.3.2
A6: AIG-04 | B6: Documented AI risk assessment process and stated AI risk appetite / tolerance. | C6: NIST AI RMF Govern 1.3, Manage 1 & Map 1.3; ISO 42001:2023 Cl.6.1.2
A7: AIG-05 | B7: AI/ML brought within the firm's model risk management framework. | C7: –– | D7: PRA SS1/23 - Model Risk Management
A8: AIG-06 | B8: AI system / model inventory maintained. | C8: NIST AI RMF Govern 1.6; ISO 42001:2023 Annex A.4 | D8: PRA SS1/23 - Model Risk Management
A9: AIG-07 | B9: Responsible-AI lifecycle controls (development → validation/V&V → operation). | C9: NIST AI RMF Map, Measure & Manage 4.1; ISO 42001:2023 Annex A.6
A10: AIG-08 | B10: Data governance for AI (data quality, provenance, lineage). | C10: NIST AI RMF Map 4; ISO 42001:2023 Annex A.7
A11: AIG-09 | B11: AI impact assessment on customers / individuals. | C11: ISO 42001:2023 Cl.6.1.4
A12: AIG-10 | B12: Fairness and harmful-bias management. | C12: NIST AI RMF Section 3.7 & Measure 2
A13: AIG-11 | B13: Transparency and explainability to users / affected parties. | C13: NIST AI RMF Section 3.4 & 3.5, Measure 2.8, 2,9 & 2.11; ISO 42001:2023 Annex A.8
A14: AIG-12 | B14: Third-party / vendor AI risk governance. | C14: NIST AI RMF Govern 6 & Manage 3.1; ISO 42001:2023 Annex A.10
A15: AIG-13 | B15: Monitoring and measurement of AI performance and controls. | C15: NIST AI RMF Measure; ISO 42001:2023 Cl.9.1
A16: AIG-14 | B16: AI testing, incident management and escalation. | C16: NIST AI RMF Govern 4.3 & Manage 4.3
A17: AIG-15 | B17: Independent assurance / audit / management review of AI governance. | C17: NIST AI RMF Measure 1.3; ISO 42001:2023 Cl.9.2, 9.3, 10.1
A18: Cybersecurity Governance
A19: ID | B19: Indicators | C19: Supporting Framework(s) | D19: Regulatory Anchor
A20: CYG-01 | B20: Board-approved cybersecurity / information-security policy. | C20: NIST CSF GV.PO; ISO 27001:2022 Cl.5.2
A21: CYG-02 | B21: Board oversight of cyber risk with a named senior owner (CISO). | C21: NIST CSF GV.RR; ISO 27001:2022 Cl.5.3
A22: CYG-03 | B22: Cyber risk embedded in enterprise risk-management strategy. | C22: NIST CSF GV.RM; ISO 27001:2022 Cl.6.1
A23: CYG-04 | B23: Documented cyber risk assessment and stated risk appetite. | C23: NIST CSF ID.RA; ISO 27001:2022 Cl.6.1.2
A24: CYG-05 | B24: Asset inventory / asset management. | C24: NIST CSF ID.AM; ISO 27001:2022 Annex A.5.9
A25: CYG-06 | B25: Supply-chain / third-party cyber risk governance. | C25: NIST CSF GV.SC; ISO 27001:2022 Annex A.5.21
A26: CYG-07 | B26: Access control and identity management. | C26: NIST CSF PR.AA; ISO 27001:2022 Annex A.5.15 – 5.18 & Annex 8.5 & 8.11
A27: CYG-08 | B27: Data security (confidentiality, integrity, availability). | C27: NIST CSF PR.DS; ISO 27001:2022 Annex A.7.12, 7.14, 8.11, & 8.12
A28: CYG-09 | B28: Operational resilience / ICT continuity. | C28: NIST CSF RC; ISO 27001:2022 Annex A.5.29 & A.5.30
A29: CYG-10 | B29: Continuous monitoring / threat detection. | C29: NIST CSF DE.CM; ISO 27001:2022 Cl.9.1, Annex A.8.16
A30: CYG-11 | B30: Incident response and management. | C30: NIST CSF RS ; ISO 27001:2022 Annex A.5.24
A31: CYG-12 | B31: Threat-led penetration / resilience testing. | C31: NIST CSF ID.RA & DE; ISO 27001:2022 Annex A.8.34
... A34: CYG-15 | B34: Independent assurance / audit / management review. | C34: NIST CSF 2.0 GV.OV; ISO 27001 Cl.9.2, 9.3
A35: Integration
A36: ID | B36: Indicators | C36: Supporting Framework(s) | D36: Regulatory Anchor
A37: INT-01 | B37: A single committee / board body owns BOTH AI and cyber. | C37: NIST AI RMF Govern 2.1 + NIST CSF GV.RR
A38: INT-02 | B38: CISO remit explicitly includes AI / joint accountability. | C38: NIST AI RMF Govern 2.3 + NIST CSF GV.RR
A39: INT-03 | B39: Board reporting presents AI and cyber risk together. | C39: NIST AI RMF Govern 4.2 + NIST CSF GV.OV
A40: INT-04 | B40: AI risk recorded in the enterprise / cyber risk register. | C40: NIST AI RMF Section 1.2.4 + NIST CSF GV.RM
A41: INT-05 | B41: Shared risk taxonomy across AI and cyber. | C41: NIST AI RMF Section 1.2.4 + NIST CSF GV.RM
A42: INT-06 | B42: AI sits within BOTH the model-risk and cyber-risk frameworks. | C42: Governance-Level Expectation | D42: PRA SS1/23 - Model Risk Management + CSF Risk Management
A43: INT-07 | B43: Cyber controls embedded in the AI lifecycle. | C43: NIST AI RMF Map 4, Manage + NIST CSF PR, Section 3.3
A44: INT-08 | B44: AI-specific threats addressed (adversarial, poisoning, model exfiltration). | C44: NIST AI RMF Section 3.3 + Appendix B + NIST CSF PR, DE, RS
A45: INT-09 | B45: Shared data governance across AI and security. | C45: ISO 27001:2022 Annex A.7.12, 7.14, 8.11, & 8.12 + ISO 42001:2023 Annex A.7
A46: INT-10 | B46: AI incidents run through the cyber incident-response process. | C46: NIST CSF RS ; ISO 27001:2022 Annex A.5.24 + NIST AI RMF Govern 4.3 & Manage 4.3
A47: INT-11 | B47: AI used within cyber operations (detection / SOC). | C47: NIST CSF RS & DE
A48: INT-12 | B48: Unified third-party assessment covering AI and ICT. | C48: NIST AI RMF Govern 6 & Manage 3.1; ISO 42001:2023 Annex A.10 + NIST CSF GV.SC
A49: INT-13 | B49: Joint assurance / audit covering both domains. | C49: NIST AI RMF Measure 1.3; ISO 42001:2023 Cl.9.2, 9.3, 10.1 + NIST CSF 2.0 GV.OV; ISO 27001 Cl.9.2, 9.3
A50: INT-14 | B50: Joint regulatory preparedness (AI Act + DORA + operational resilience). | C50: NIST CSF RC; ISO 27001:2022 Annex A.5.29 & A.5.30 + NIST AI RMF Measure 1.3
A51: INT-15 | B51: Board links AI strategy to cyber resilience. | C51: NIST AI RMF Govern 1 + NIST CSF GV.OC

Sheet Worksheet
A1: Firm | B1: AI | C1: Cyber | D1: Integration | E1: Gap | Q1: AI | R1: Cyber | S1: Integration | T1: Gap
A2: HSBC | B2: =HSBC!B51 -> 2.8 | C2: =HSBC!B52 -> 3.8 | D2: =HSBC!B53 -> 2.5333333 | E2: =(C2-B2) -> 1 | P2: Bank | Q2: =IFERROR(AVERAGE(B2,B3,B4), "") -> 2.9333333 | R2: =IFERROR(ROUND(AVERAGE(C2,C3,C4),2),"") -> 3.49 | S2: =IFERROR(ROUND(AVERAGE(D2,D3,D4),2),"") -> 2.49 | T2: =(R2-Q2) -> 0.55666667
A3: Barclays | B3: =Barclays!B51 -> 3 | C3: =Barclays!B52 -> 3.7333333 | D3: =Barclays!B53 -> 2.6666667 | E3: =(C3-B3) -> 0.73333333 | P3: Insurance | Q3: =IFERROR(ROUND(AVERAGE(B5,B6,B7),2),"") -> 2.47 | R3: =IFERROR(ROUND(AVERAGE(C5,C6,C7),2),"") -> 2.76 | S3: =IFERROR(ROUND(AVERAGE(D5,D6,D7),2),"") -> 1.93 | T3: =(R3-Q3) -> 0.29
A4: Lloyds | B4: =Lloyds!B51 -> 3 | C4: =Lloyds!B52 -> 2.9333333 | D4: =Lloyds!B53 -> 2.2666667 | E4: =(C4-B4) -> -0.066666667 | P4: Asset Management | Q4: =IFERROR(ROUND(AVERAGE(B8,B9,B10),2),"") -> 2.13 | R4: =IFERROR(ROUND(AVERAGE(C8,C9,C10),2),"") -> 2.82 | S4: =IFERROR(ROUND(AVERAGE(D8,D9,D10),2),"") -> 1.89 | T4: =(R4-Q4) -> 0.69
A5: Aviva | B5: =Aviva!B51 -> 1.8 | C5: =Aviva!B52 -> 2.3333333 | D5: =Aviva!B53 -> 1.2666667 | E5: =(C5-B5) -> 0.53333333 | P5: Financial Management | Q5: =IFERROR(ROUND(AVERAGE(B11,B12,B13),2),"") -> 2.38 | R5: =IFERROR(ROUND(AVERAGE(C11,C12,C13),2),"") -> 3.24 | S5: =IFERROR(ROUND(AVERAGE(D11:D13),2),"") -> 2.29 | T5: =(R5-Q5) -> 0.86
A6: Legal & General | B6: =LG!B51 -> 2.6 | C6: =LG!B52 -> 2.7333333 | D6: =LG!B53 -> 2.0666667 | E6: =(C6-B6) -> 0.13333333
A7: Prudential | B7: =Prudential!B51 -> 3 | C7: =Prudential!B52 -> 3.2 | D7: =Prudential!B53 -> 2.4666667 | E7: =(C7-B7) -> 0.2
A8: 3i Group | B8: ='3i'!B51 -> 1.2666667 | C8: ='3i'!B52 -> 2.7333333 | D8: ='3i'!B53 -> 1.4666667 | E8: =(C8-B8) -> 1.4666667
A9: M & G | B9: =MG!B51 -> 2.3333333 | C9: =MG!B52 -> 2.4666667 | D9: =MG!B53 -> 1.9333333 | E9: =(C9-B9) -> 0.13333333
A10: Schroders | B10: =Schroders!B51 -> 2.8 | C10: =Schroders!B52 -> 3.2666667 | D10: =Schroders!B53 -> 2.2666667 | E10: =(C10-B10) -> 0.46666667
A11: LSEG | B11: =LSEG!B51 -> 2.3333333 | C11: =LSEG!B52 -> 2.9333333 | D11: =LSEG!B53 -> 2.0666667 | E11: =(C11-B11) -> 0.6
A12: Experian | B12: =Experian!B51 -> 3.2 | C12: =Experian!B52 -> 3.5333333 | D12: =Experian!B53 -> 2.7333333 | E12: =(C12-B12) -> 0.33333333
A13: Wise | B13: =Wise!B51 -> 1.6 | C13: =Wise!B52 -> 3.2666667 | D13: =Wise!B53 -> 2.0666667 | E13: =(C13-B13) -> 1.6666667
A15: Descriptive Statistic for Disclosed Governance Maturity Model
A16: Mean | B16: =IFERROR(ROUND(AVERAGE(B2:B13),2),"") -> 2.48 | C16: =IFERROR(ROUND(AVERAGE(C2,C3,C4,C5,C6,C7,C8,C9,C10,C11,C12,C13),2),"") -> 3.08 | D16: =IFERROR(AVERAGE(D2,D3,D4,D5,D6,D7,D8,D9,D10,D11,D12,D13), "") -> 2.15
A17: SD | B17: =ROUND(STDEV(B2:B13),2) -> 0.63 | C17: =ROUND(STDEV(C2:C13),2) -> 0.47 | D17: =ROUND(STDEV(D2:D13),2) -> 0.45
A18: Min | B18: =ROUND(MIN(B2:B13),2) -> 1.27 | C18: =ROUND(MIN(C2:C13),2) -> 2.33 | D18: =ROUND(MIN(D2:D13),2) -> 1.27
A19: Max | B19: =ROUND(MAX(B2:B13),2) -> 3.2 | C19: =ROUND(MAX(C2:C13),2) -> 3.8 | D19: =ROUND(MAX(D2:D13),2) -> 2.73
Q27: Ingration Score Mean As Per Dimensions
S29: HSBC | T29: BARCLAYS | U29: Lloyds | V29: Aviva | W29: LG | X29: Prudential | Y29: 3i | Z29: MG | AA29: Schroders | AB29: LSEG | AC29: Experian | AD29: Wise | AE29: Mean
Q30: Leadership & Accountability | S30: =HSBC!E58 -> 3.3333333 | T30: =Barclays!E58 -> 3 | U30: =Lloyds!E58 -> 2.3333333 | V30: =Aviva!E58 -> 1 | W30: =LG!E58 -> 2 | X30: =Prudential!E58 -> 2.3333333 | Y30: ='3i'!E58 -> 2 | Z30: =MG!E58 -> 2 | AA30: =Schroders!E58 -> 2.6666667 | AB30: =LSEG!E58 -> 2.3333333 | AC30: =Experian!E58 -> 2.6666667 | AD30: =Wise!E58 -> 2.3333333 | AE30: =IFERROR(ROUND(AVERAGE(S30:AD30),2),"") -> 2.33
Q31: Risk Management | S31: =HSBC!E59 -> 2.6666667 | T31: =Barclays!E59 -> 2.6666667 | U31: =Lloyds!E59 -> 3 | V31: =Aviva!E59 -> 1 | W31: =LG!E59 -> 2.3333333 | X31: =Prudential!E59 -> 2.3333333 | Y31: ='3i'!E59 -> 1.3333333 | Z31: =MG!E59 -> 2 | AA31: =Schroders!E59 -> 2.3333333 | AB31: =LSEG!E59 -> 2.6666667 | AC31: =Experian!E59 -> 3 | AD31: =Wise!E59 -> 3 | AE31: =IFERROR(ROUND(AVERAGE(S31:AD31),2),"") -> 2.36
Q32: Assurance & Improvement | S32: =HSBC!E59 -> 2.6666667 | T32: =Barclays!E60 -> 3 | U32: =Lloyds!E60 -> 2.3333333 | V32: =Aviva!E60 -> 1.6666667 | W32: =LG!E60 -> 2.3333333 | X32: =Prudential!E60 -> 2.6666667 | Y32: ='3i'!E60 -> 1.6666667 | Z32: =MG!E60 -> 2 | AA32: =Schroders!E60 -> 2.6666667 | AB32: =LSEG!E60 -> 2.3333333 | AC32: =Experian!E60 -> 3 | AD32: =Wise!E60 -> 2 | AE32: =IFERROR(ROUND(AVERAGE(S32:AD32),2),"") -> 2.36
Q33: Lifecycle & Data | S33: =HSBC!E61 -> 2.33 | T33: =Barclays!E63 -> 2.67 | U33: =Lloyds!E63 -> 2.33 | V33: =Aviva!E63 -> 1.33 | W33: =LG!E63 -> 2.33 | X33: =Prudential!E63 -> 2.67 | Y33: ='3i'!E63 -> 1 | Z33: =MG!E63 -> 2.33 | AA33: =Schroders!E63 -> 2 | AB33: =LSEG!E63 -> 1.67 | AC33: =Experian!E63 -> 3 | AD33: =Wise!E63 -> 1.67 | AE33: =IFERROR(ROUND(AVERAGE(S33:AD33),2),"") -> 2.11
Q34: Detect & Response | S34: =HSBC!E62 -> 1.67 | T34: =Barclays!E64 -> 2 | U34: =Lloyds!E64 -> 1.33 | V34: =Aviva!E64 -> 1.33 | W34: =LG!E64 -> 1.33 | X34: =Prudential!E64 -> 2.33 | Y34: ='3i'!E64 -> 1.33 | Z34: =MG!E64 -> 1.33 | AA34: =Schroders!E64 -> 1.67 | AB34: =LSEG!E64 -> 1.33 | AC34: =Experian!E64 -> 2 | AD34: =Wise!E64 -> 1.33 | AE34: =IFERROR(ROUND(AVERAGE(S34:AD34),2),"") -> 1.58
AE41: Average Integration score
AD42: Leadership & Accountability | AE42: 2.33 | AF42: =(5-AE42) -> 2.67
AD43: Risk Management | AE43: 2.36 | AF43: =(5-AE43) -> 2.64
AD44: Assurance & Improvement | AE44: 2.36 | AF44: =(5-AE44) -> 2.64
AD45: Lifecycle & Data | AE45: 2.11 | AF45: =(5-AE45) -> 2.89
AD46: Detect & Response | AE46: 1.58 | AF46: =(5-AE46) -> 3.42
C48: Cybersecurity Indicators
C49: Cyber risk embedded in enterprise risk-management strategy. | D49: =AVERAGE(HSBC:Wise!E21) -> 3.75
C50: Operational resilience / ICT continuity. | D50: =(ROUND(AVERAGE(HSBC:Wise!E27),2)) -> 3.67
C51: Board-approved cybersecurity / information-security policy. | D51: =(ROUND(AVERAGE(HSBC:Wise!E19),2)) -> 3.58
C52: Board oversight of cyber risk with a named senior owner (CISO). | D52: =(ROUND(AVERAGE(HSBC:Wise!E20),2)) -> 3.5
C53: Asset inventory / asset management. | D53: =(ROUND(AVERAGE(HSBC:Wise!E23),2)) -> 1.58
C54: Access control and identity management. | D54: =(ROUND(AVERAGE(HSBC:Wise!E25),2)) -> 2.08
C55: Threat-led penetration / resilience testing. | D55: =(ROUND(AVERAGE(HSBC:Wise!E30),2)) -> 2.25
C56: Security awareness and training. | D56: =(ROUND(AVERAGE(HSBC:Wise!E32),2)) -> 2.5
C64: AI Pillars
C65: Board / top-management-approved responsible-AI policy or principles. | D65: =(ROUND(AVERAGE(HSBC:Wise!E4),2)) -> 3
C66: Board / committee oversight of AI with a named senior owner | D66: =(ROUND(AVERAGE(HSBC:Wise!E5),2)) -> 3
C67: AI/ML brought within the firm's model risk management framework. | D67: =(ROUND(AVERAGE(Worksheet:HSBC!E8),2)) -> 2.82
C68: Transparency and explainability to users / affected parties. | D68: =(ROUND(AVERAGE(HSBC:Wise!E14),2)) -> 1.75
C69: AI testing, incident management and escalation. | D69: =(ROUND(AVERAGE(HSBC:Wise!E17),2)) -> 1.75
C70: Documented AI Risk assessment | D70: =(ROUND(AVERAGE(HSBC:Wise!E7),2)) -> 2.83

Sheet Worksheet 2
C1: HSBC | D1: Barclays | E1: Lloyds | F1: Aviva | G1: LG | H1: Prudential | I1: 3i | J1: MG | K1: Schroders | L1: LSEG | M1: Experian | N1: Wise | O1: Mean | P1: Firms>=3 | Q1: Firms >=4
A2: ID | B2: AI Indicators
A3: AIG-01 | B3: Board / top-management-approved responsible-AI policy or principles. | C3: =VLOOKUP($B3, HSBC!$D:$E, 2, FALSE) -> 3 | D3: =VLOOKUP($B3, Barclays!$D:$E, 2, FALSE) -> 4 | E3: =VLOOKUP($B3, Lloyds!$D:$E, 2, FALSE) -> 4 | F3: =VLOOKUP($B3, Aviva!$D:$E, 2, FALSE) -> 2 | G3: =VLOOKUP($B3, LG!$D:$E, 2, FALSE) -> 3 | H3: =VLOOKUP($B3, Prudential!$D:$E, 2, FALSE) -> 4 | I3: =VLOOKUP($B3, '3i'!$D:$E, 2, FALSE) -> 2 | J3: =VLOOKUP($B3, MG!$D:$E, 2, FALSE) -> 3 | K3: =VLOOKUP($B3, Schroders!$D:$E, 2, FALSE) -> 4 | L3: =VLOOKUP($B3, LSEG!$D:$E, 2, FALSE) -> 2 | M3: =VLOOKUP($B3, Experian!$D:$E, 2, FALSE) -> 4 | N3: =VLOOKUP($B3, Wise!$D:$E, 2, FALSE) -> 1 | O3: =ROUND(AVERAGE($C3:$N3), 2) -> 3 | P3: =COUNTIF($C3:$N3, ">=3") & "/12" -> 8/12 | Q3: =COUNTIF($C3:$N3, ">=4") & "/12" -> 5/12
A4: AIG-02 | B4: Board / committee oversight of AI with a named senior owner (e.g. CAIO or accountable executive). | C4: =VLOOKUP($B4, HSBC!$D:$E, 2, FALSE) -> 3 | D4: =VLOOKUP($B4, Barclays!$D:$E, 2, FALSE) -> 4 | E4: =VLOOKUP($B4, Lloyds!$D:$E, 2, FALSE) -> 4 | F4: =VLOOKUP($B4, Aviva!$D:$E, 2, FALSE) -> 2 | G4: =VLOOKUP($B4, LG!$D:$E, 2, FALSE) -> 3 | H4: =VLOOKUP($B4, Prudential!$D:$E, 2, FALSE) -> 3 | I4: =VLOOKUP($B4, '3i'!$D:$E, 2, FALSE) -> 2 | J4: =VLOOKUP($B4, MG!$D:$E, 2, FALSE) -> 3 | K4: =VLOOKUP($B4, Schroders!$D:$E, 2, FALSE) -> 4 | L4: =VLOOKUP($B4, LSEG!$D:$E, 2, FALSE) -> 2 | M4: =VLOOKUP($B4, Experian!$D:$E, 2, FALSE) -> 4 | N4: =VLOOKUP($B4, Wise!$D:$E, 2, FALSE) -> 2 | O4: =ROUND(AVERAGE($C4:$N4), 2) -> 3 | P4: =COUNTIF($C4:$N4, ">=3") & "/12" -> 8/12 | Q4: =COUNTIF($C4:$N4, ">=4") & "/12" -> 4/12
A5: AIG-03 | B5: Defined AI roles, responsibilities and competence / resourcing. | C5: =VLOOKUP($B5, HSBC!$D:$E, 2, FALSE) -> 4 | D5: =VLOOKUP($B5, Barclays!$D:$E, 2, FALSE) -> 3 | E5: =VLOOKUP($B5, Lloyds!$D:$E, 2, FALSE) -> 3 | F5: =VLOOKUP($B5, Aviva!$D:$E, 2, FALSE) -> 2 | G5: =VLOOKUP($B5, LG!$D:$E, 2, FALSE) -> 3 | H5: =VLOOKUP($B5, Prudential!$D:$E, 2, FALSE) -> 3 | I5: =VLOOKUP($B5, '3i'!$D:$E, 2, FALSE) -> 1 | J5: =VLOOKUP($B5, MG!$D:$E, 2, FALSE) -> 3 | K5: =VLOOKUP($B5, Schroders!$D:$E, 2, FALSE) -> 3 | L5: =VLOOKUP($B5, LSEG!$D:$E, 2, FALSE) -> 2 | M5: =VLOOKUP($B5, Experian!$D:$E, 2, FALSE) -> 3 | N5: =VLOOKUP($B5, Wise!$D:$E, 2, FALSE) -> 1 | O5: =ROUND(AVERAGE($C5:$N5), 2) -> 2.58 | P5: =COUNTIF($C5:$N5, ">=3") & "/12" -> 8/12 | Q5: =COUNTIF($C5:$N5, ">=4") & "/12" -> 1/12
A6: AIG-04 | B6: Documented AI risk assessment process and stated AI risk appetite / tolerance. | C6: =VLOOKUP($B6, HSBC!$D:$E, 2, FALSE) -> 3 | D6: =VLOOKUP($B6, Barclays!$D:$E, 2, FALSE) -> 3 | E6: =VLOOKUP($B6, Lloyds!$D:$E, 2, FALSE) -> 3 | F6: =VLOOKUP($B6, Aviva!$D:$E, 2, FALSE) -> 2 | G6: =VLOOKUP($B6, LG!$D:$E, 2, FALSE) -> 3 | H6: =VLOOKUP($B6, Prudential!$D:$E, 2, FALSE) -> 3 | I6: =VLOOKUP($B6, '3i'!$D:$E, 2, FALSE) -> 2 | J6: =VLOOKUP($B6, MG!$D:$E, 2, FALSE) -> 3 | K6: =VLOOKUP($B6, Schroders!$D:$E, 2, FALSE) -> 3 | L6: =VLOOKUP($B6, LSEG!$D:$E, 2, FALSE) -> 3 | M6: =VLOOKUP($B6, Experian!$D:$E, 2, FALSE) -> 4 | N6: =VLOOKUP($B6, Wise!$D:$E, 2, FALSE) -> 2 | O6: =ROUND(AVERAGE($C6:$N6), 2) -> 2.83 | P6: =COUNTIF($C6:$N6, ">=3") & "/12" -> 9/12 | Q6: =COUNTIF($C6:$N6, ">=4") & "/12" -> 1/12
A7: AIG-05 | B7: AI/ML brought within the firm's model risk management framework. | C7: =VLOOKUP($B7, HSBC!$D:$E, 2, FALSE) -> 4 | D7: =VLOOKUP($B7, Barclays!$D:$E, 2, FALSE) -> 4 | E7: =VLOOKUP($B7, Lloyds!$D:$E, 2, FALSE) -> 4 | F7: =VLOOKUP($B7, Aviva!$D:$E, 2, FALSE) -> 2 | G7: =VLOOKUP($B7, LG!$D:$E, 2, FALSE) -> 3 | H7: =VLOOKUP($B7, Prudential!$D:$E, 2, FALSE) -> 3 | I7: =VLOOKUP($B7, '3i'!$D:$E, 2, FALSE) -> 1 | J7: =VLOOKUP($B7, MG!$D:$E, 2, FALSE) -> 2 | K7: =VLOOKUP($B7, Schroders!$D:$E, 2, FALSE) -> 2 | L7: =VLOOKUP($B7, LSEG!$D:$E, 2, FALSE) -> 4 | M7: =VLOOKUP($B7, Experian!$D:$E, 2, FALSE) -> 3 | N7: =VLOOKUP($B7, Wise!$D:$E, 2, FALSE) -> 2 | O7: =ROUND(AVERAGE($C7:$N7), 2) -> 2.83 | P7: =COUNTIF($C7:$N7, ">=3") & "/12" -> 7/12 | Q7: =COUNTIF($C7:$N7, ">=4") & "/12" -> 4/12
A8: AIG-06 | B8: AI system / model inventory maintained. | C8: =VLOOKUP($B8, HSBC!$D:$E, 2, FALSE) -> 3 | D8: =VLOOKUP($B8, Barclays!$D:$E, 2, FALSE) -> 3 | E8: =VLOOKUP($B8, Lloyds!$D:$E, 2, FALSE) -> 3 | F8: =VLOOKUP($B8, Aviva!$D:$E, 2, FALSE) -> 2 | G8: =VLOOKUP($B8, LG!$D:$E, 2, FALSE) -> 3 | H8: =VLOOKUP($B8, Prudential!$D:$E, 2, FALSE) -> 3 | I8: =VLOOKUP($B8, '3i'!$D:$E, 2, FALSE) -> 1 | J8: =VLOOKUP($B8, MG!$D:$E, 2, FALSE) -> 2 | K8: =VLOOKUP($B8, Schroders!$D:$E, 2, FALSE) -> 2 | L8: =VLOOKUP($B8, LSEG!$D:$E, 2, FALSE) -> 4 | M8: =VLOOKUP($B8, Experian!$D:$E, 2, FALSE) -> 2 | N8: =VLOOKUP($B8, Wise!$D:$E, 2, FALSE) -> 1 | O8: =ROUND(AVERAGE($C8:$N8), 2) -> 2.42 | P8: =COUNTIF($C8:$N8, ">=3") & "/12" -> 6/12 | Q8: =COUNTIF($C8:$N8, ">=4") & "/12" -> 1/12
A9: AIG-07 | B9: Responsible-AI lifecycle controls (development → validation/V&V → operation). | C9: =VLOOKUP($B9, HSBC!$D:$E, 2, FALSE) -> 3 | D9: =VLOOKUP($B9, Barclays!$D:$E, 2, FALSE) -> 3 | E9: =VLOOKUP($B9, Lloyds!$D:$E, 2, FALSE) -> 3 | F9: =VLOOKUP($B9, Aviva!$D:$E, 2, FALSE) -> 2 | G9: =VLOOKUP($B9, LG!$D:$E, 2, FALSE) -> 3 | H9: =VLOOKUP($B9, Prudential!$D:$E, 2, FALSE) -> 3 | I9: =VLOOKUP($B9, '3i'!$D:$E, 2, FALSE) -> 1 | J9: =VLOOKUP($B9, MG!$D:$E, 2, FALSE) -> 2 | K9: =VLOOKUP($B9, Schroders!$D:$E, 2, FALSE) -> 3 | L9: =VLOOKUP($B9, LSEG!$D:$E, 2, FALSE) -> 3 | M9: =VLOOKUP($B9, Experian!$D:$E, 2, FALSE) -> 4 | N9: =VLOOKUP($B9, Wise!$D:$E, 2, FALSE) -> 1 | O9: =ROUND(AVERAGE($C9:$N9), 2) -> 2.58 | P9: =COUNTIF($C9:$N9, ">=3") & "/12" -> 8/12 | Q9: =COUNTIF($C9:$N9, ">=4") & "/12" -> 1/12
A10: AIG-08 | B10: Data governance for AI (data quality, provenance, lineage). | C10: =VLOOKUP($B10, HSBC!$D:$E, 2, FALSE) -> 3 | D10: =VLOOKUP($B10, Barclays!$D:$E, 2, FALSE) -> 3 | E10: =VLOOKUP($B10, Lloyds!$D:$E, 2, FALSE) -> 3 | F10: =VLOOKUP($B10, Aviva!$D:$E, 2, FALSE) -> 2 | G10: =VLOOKUP($B10, LG!$D:$E, 2, FALSE) -> 2 | H10: =VLOOKUP($B10, Prudential!$D:$E, 2, FALSE) -> 3 | I10: =VLOOKUP($B10, '3i'!$D:$E, 2, FALSE) -> 1 | J10: =VLOOKUP($B10, MG!$D:$E, 2, FALSE) -> 2 | K10: =VLOOKUP($B10, Schroders!$D:$E, 2, FALSE) -> 3 | L10: =VLOOKUP($B10, LSEG!$D:$E, 2, FALSE) -> 2 | M10: =VLOOKUP($B10, Experian!$D:$E, 2, FALSE) -> 4 | N10: =VLOOKUP($B10, Wise!$D:$E, 2, FALSE) -> 2 | O10: =ROUND(AVERAGE($C10:$N10), 2) -> 2.5 | P10: =COUNTIF($C10:$N10, ">=3") & "/12" -> 6/12 | Q10: =COUNTIF($C10:$N10, ">=4") & "/12" -> 1/12
A11: AIG-09 | B11: AI impact assessment on customers / individuals. | C11: =VLOOKUP($B11, HSBC!$D:$E, 2, FALSE) -> 2 | D11: =VLOOKUP($B11, Barclays!$D:$E, 2, FALSE) -> 2 | E11: =VLOOKUP($B11, Lloyds!$D:$E, 2, FALSE) -> 3 | F11: =VLOOKUP($B11, Aviva!$D:$E, 2, FALSE) -> 2 | G11: =VLOOKUP($B11, LG!$D:$E, 2, FALSE) -> 2 | H11: =VLOOKUP($B11, Prudential!$D:$E, 2, FALSE) -> 3 | I11: =VLOOKUP($B11, '3i'!$D:$E, 2, FALSE) -> 1 | J11: =VLOOKUP($B11, MG!$D:$E, 2, FALSE) -> 2 | K11: =VLOOKUP($B11, Schroders!$D:$E, 2, FALSE) -> 2 | L11: =VLOOKUP($B11, LSEG!$D:$E, 2, FALSE) -> 1 | M11: =VLOOKUP($B11, Experian!$D:$E, 2, FALSE) -> 3 | N11: =VLOOKUP($B11, Wise!$D:$E, 2, FALSE) -> 2 | O11: =ROUND(AVERAGE($C11:$N11), 2) -> 2.08 | P11: =COUNTIF($C11:$N11, ">=3") & "/12" -> 3/12 | Q11: =COUNTIF($C11:$N11, ">=4") & "/12" -> 0/12
A12: AIG-10 | B12: Fairness and harmful-bias management. | C12: =VLOOKUP($B12, HSBC!$D:$E, 2, FALSE) -> 2 | D12: =VLOOKUP($B12, Barclays!$D:$E, 2, FALSE) -> 3 | E12: =VLOOKUP($B12, Lloyds!$D:$E, 2, FALSE) -> 3 | F12: =VLOOKUP($B12, Aviva!$D:$E, 2, FALSE) -> 1 | G12: =VLOOKUP($B12, LG!$D:$E, 2, FALSE) -> 2 | H12: =VLOOKUP($B12, Prudential!$D:$E, 2, FALSE) -> 3 | I12: =VLOOKUP($B12, '3i'!$D:$E, 2, FALSE) -> 1 | J12: =VLOOKUP($B12, MG!$D:$E, 2, FALSE) -> 2 | K12: =VLOOKUP($B12, Schroders!$D:$E, 2, FALSE) -> 3 | L12: =VLOOKUP($B12, LSEG!$D:$E, 2, FALSE) -> 1 | M12: =VLOOKUP($B12, Experian!$D:$E, 2, FALSE) -> 3 | N12: =VLOOKUP($B12, Wise!$D:$E, 2, FALSE) -> 2 | O12: =ROUND(AVERAGE($C12:$N12), 2) -> 2.17 | P12: =COUNTIF($C12:$N12, ">=3") & "/12" -> 5/12 | Q12: =COUNTIF($C12:$N12, ">=4") & "/12" -> 0/12
A13: AIG-11 | B13: Transparency and explainability to users / affected parties. | C13: =VLOOKUP($B13, HSBC!$D:$E, 2, FALSE) -> 2 | D13: =VLOOKUP($B13, Barclays!$D:$E, 2, FALSE) -> 2 | E13: =VLOOKUP($B13, Lloyds!$D:$E, 2, FALSE) -> 2 | F13: =VLOOKUP($B13, Aviva!$D:$E, 2, FALSE) -> 1 | G13: =VLOOKUP($B13, LG!$D:$E, 2, FALSE) -> 2 | H13: =VLOOKUP($B13, Prudential!$D:$E, 2, FALSE) -> 2 | I13: =VLOOKUP($B13, '3i'!$D:$E, 2, FALSE) -> 1 | J13: =VLOOKUP($B13, MG!$D:$E, 2, FALSE) -> 2 | K13: =VLOOKUP($B13, Schroders!$D:$E, 2, FALSE) -> 2 | L13: =VLOOKUP($B13, LSEG!$D:$E, 2, FALSE) -> 1 | M13: =VLOOKUP($B13, Experian!$D:$E, 2, FALSE) -> 3 | N13: =VLOOKUP($B13, Wise!$D:$E, 2, FALSE) -> 1 | O13: =ROUND(AVERAGE($C13:$N13), 2) -> 1.75 | P13: =COUNTIF($C13:$N13, ">=3") & "/12" -> 1/12 | Q13: =COUNTIF($C13:$N13, ">=4") & "/12" -> 0/12
A14: AIG-12 | B14: Third-party / vendor AI risk governance. | C14: =VLOOKUP($B14, HSBC!$D:$E, 2, FALSE) -> 2 | D14: =VLOOKUP($B14, Barclays!$D:$E, 2, FALSE) -> 3 | E14: =VLOOKUP($B14, Lloyds!$D:$E, 2, FALSE) -> 2 | F14: =VLOOKUP($B14, Aviva!$D:$E, 2, FALSE) -> 2 | G14: =VLOOKUP($B14, LG!$D:$E, 2, FALSE) -> 2 | H14: =VLOOKUP($B14, Prudential!$D:$E, 2, FALSE) -> 4 | I14: =VLOOKUP($B14, '3i'!$D:$E, 2, FALSE) -> 2 | J14: =VLOOKUP($B14, MG!$D:$E, 2, FALSE) -> 2 | K14: =VLOOKUP($B14, Schroders!$D:$E, 2, FALSE) -> 3 | L14: =VLOOKUP($B14, LSEG!$D:$E, 2, FALSE) -> 2 | M14: =VLOOKUP($B14, Experian!$D:$E, 2, FALSE) -> 3 | N14: =VLOOKUP($B14, Wise!$D:$E, 2, FALSE) -> 2 | O14: =ROUND(AVERAGE($C14:$N14), 2) -> 2.42 | P14: =COUNTIF($C14:$N14, ">=3") & "/12" -> 4/12 | Q14: =COUNTIF($C14:$N14, ">=4") & "/12" -> 1/12
... A17: AIG-15 | B17: Independent assurance / audit / management review of AI governance. | C17: =VLOOKUP($B17, HSBC!$D:$E, 2, FALSE) -> 3 | D17: =VLOOKUP($B17, Barclays!$D:$E, 2, FALSE) -> 3 | E17: =VLOOKUP($B17, Lloyds!$D:$E, 2, FALSE) -> 3 | F17: =VLOOKUP($B17, Aviva!$D:$E, 2, FALSE) -> 2 | G17: =VLOOKUP($B17, LG!$D:$E, 2, FALSE) -> 3 | H17: =VLOOKUP($B17, Prudential!$D:$E, 2, FALSE) -> 3 | I17: =VLOOKUP($B17, '3i'!$D:$E, 2, FALSE) -> 1 | J17: =VLOOKUP($B17, MG!$D:$E, 2, FALSE) -> 3 | K17: =VLOOKUP($B17, Schroders!$D:$E, 2, FALSE) -> 3 | L17: =VLOOKUP($B17, LSEG!$D:$E, 2, FALSE) -> 3 | M17: =VLOOKUP($B17, Experian!$D:$E, 2, FALSE) -> 3 | N17: =VLOOKUP($B17, Wise!$D:$E, 2, FALSE) -> 2 | O17: =ROUND(AVERAGE($C17:$N17), 2) -> 2.67 | P17: =COUNTIF($C17:$N17, ">=3") & "/12" -> 9/12 | Q17: =COUNTIF($C17:$N17, ">=4") & "/12" -> 0/12
B18: Cyber Indicators
A19: CYG-01 | B19: Board-approved cybersecurity / information-security policy. | C19: =VLOOKUP($B19, HSBC!$D:$E, 2, FALSE) -> 4 | D19: =VLOOKUP($B19, Barclays!$D:$E, 2, FALSE) -> 4 | E19: =VLOOKUP($B19, Lloyds!$D:$E, 2, FALSE) -> 4 | F19: =VLOOKUP($B19, Aviva!$D:$E, 2, FALSE) -> 3 | G19: =VLOOKUP($B19, LG!$D:$E, 2, FALSE) -> 3 | H19: =VLOOKUP($B19, Prudential!$D:$E, 2, FALSE) -> 4 | I19: =VLOOKUP($B19, '3i'!$D:$E, 2, FALSE) -> 3 | J19: =VLOOKUP($B19, MG!$D:$E, 2, FALSE) -> 3 | K19: =VLOOKUP($B19, Schroders!$D:$E, 2, FALSE) -> 4 | L19: =VLOOKUP($B19, LSEG!$D:$E, 2, FALSE) -> 3 | M19: =VLOOKUP($B19, Experian!$D:$E, 2, FALSE) -> 4 | N19: =VLOOKUP($B19, Wise!$D:$E, 2, FALSE) -> 4 | O19: =ROUND(AVERAGE($C19:$N19), 2) -> 3.58 | P19: =COUNTIF($C19:$N19, ">=3") & "/12" -> 12/12 | Q19: =COUNTIF($C19:$N19, ">=4") & "/12" -> 7/12
A20: CYG-02 | B20: Board oversight of cyber risk with a named senior owner (CISO). | C20: =VLOOKUP($B20, HSBC!$D:$E, 2, FALSE) -> 4 | D20: =VLOOKUP($B20, Barclays!$D:$E, 2, FALSE) -> 4 | E20: =VLOOKUP($B20, Lloyds!$D:$E, 2, FALSE) -> 3 | F20: =VLOOKUP($B20, Aviva!$D:$E, 2, FALSE) -> 3 | G20: =VLOOKUP($B20, LG!$D:$E, 2, FALSE) -> 3 | H20: =VLOOKUP($B20, Prudential!$D:$E, 2, FALSE) -> 3 | I20: =VLOOKUP($B20, '3i'!$D:$E, 2, FALSE) -> 3 | J20: =VLOOKUP($B20, MG!$D:$E, 2, FALSE) -> 3 | K20: =VLOOKUP($B20, Schroders!$D:$E, 2, FALSE) -> 4 | L20: =VLOOKUP($B20, LSEG!$D:$E, 2, FALSE) -> 4 | M20: =VLOOKUP($B20, Experian!$D:$E, 2, FALSE) -> 4 | N20: =VLOOKUP($B20, Wise!$D:$E, 2, FALSE) -> 4 | O20: =ROUND(AVERAGE($C20:$N20), 2) -> 3.5 | P20: =COUNTIF($C20:$N20, ">=3") & "/12" -> 12/12 | Q20: =COUNTIF($C20:$N20, ">=4") & "/12" -> 6/12
A21: CYG-03 | B21: Cyber risk embedded in enterprise risk-management strategy. | C21: =VLOOKUP($B21, HSBC!$D:$E, 2, FALSE) -> 4 | D21: =VLOOKUP($B21, Barclays!$D:$E, 2, FALSE) -> 4 | E21: =VLOOKUP($B21, Lloyds!$D:$E, 2, FALSE) -> 4 | F21: =VLOOKUP($B21, Aviva!$D:$E, 2, FALSE) -> 3 | G21: =VLOOKUP($B21, LG!$D:$E, 2, FALSE) -> 4 | H21: =VLOOKUP($B21, Prudential!$D:$E, 2, FALSE) -> 4 | I21: =VLOOKUP($B21, '3i'!$D:$E, 2, FALSE) -> 3 | J21: =VLOOKUP($B21, MG!$D:$E, 2, FALSE) -> 3 | K21: =VLOOKUP($B21, Schroders!$D:$E, 2, FALSE) -> 4 | L21: =VLOOKUP($B21, LSEG!$D:$E, 2, FALSE) -> 4 | M21: =VLOOKUP($B21, Experian!$D:$E, 2, FALSE) -> 4 | N21: =VLOOKUP($B21, Wise!$D:$E, 2, FALSE) -> 4 | O21: =ROUND(AVERAGE($C21:$N21), 2) -> 3.75 | P21: =COUNTIF($C21:$N21, ">=3") & "/12" -> 12/12 | Q21: =COUNTIF($C21:$N21, ">=4") & "/12" -> 9/12
A22: CYG-04 | B22: Documented cyber risk assessment and stated risk appetite. | C22: =VLOOKUP($B22, HSBC!$D:$E, 2, FALSE) -> 4 | D22: =VLOOKUP($B22, Barclays!$D:$E, 2, FALSE) -> 4 | E22: =VLOOKUP($B22, Lloyds!$D:$E, 2, FALSE) -> 3 | F22: =VLOOKUP($B22, Aviva!$D:$E, 2, FALSE) -> 3 | G22: =VLOOKUP($B22, LG!$D:$E, 2, FALSE) -> 4 | H22: =VLOOKUP($B22, Prudential!$D:$E, 2, FALSE) -> 3 | I22: =VLOOKUP($B22, '3i'!$D:$E, 2, FALSE) -> 3 | J22: =VLOOKUP($B22, MG!$D:$E, 2, FALSE) -> 3 | K22: =VLOOKUP($B22, Schroders!$D:$E, 2, FALSE) -> 4 | L22: =VLOOKUP($B22, LSEG!$D:$E, 2, FALSE) -> 3 | M22: =VLOOKUP($B22, Experian!$D:$E, 2, FALSE) -> 4 | N22: =VLOOKUP($B22, Wise!$D:$E, 2, FALSE) -> 4 | O22: =ROUND(AVERAGE($C22:$N22), 2) -> 3.5 | P22: =COUNTIF($C22:$N22, ">=3") & "/12" -> 12/12 | Q22: =COUNTIF($C22:$N22, ">=4") & "/12" -> 6/12
A23: CYG-05 | B23: Asset inventory / asset management. | C23: =VLOOKUP($B23, HSBC!$D:$E, 2, FALSE) -> 2 | D23: =VLOOKUP($B23, Barclays!$D:$E, 2, FALSE) -> 2 | E23: =VLOOKUP($B23, Lloyds!$D:$E, 2, FALSE) -> 2 | F23: =VLOOKUP($B23, Aviva!$D:$E, 2, FALSE) -> 1 | G23: =VLOOKUP($B23, LG!$D:$E, 2, FALSE) -> 1 | H23: =VLOOKUP($B23, Prudential!$D:$E, 2, FALSE) -> 1 | I23: =VLOOKUP($B23, '3i'!$D:$E, 2, FALSE) -> 1 | J23: =VLOOKUP($B23, MG!$D:$E, 2, FALSE) -> 1 | K23: =VLOOKUP($B23, Schroders!$D:$E, 2, FALSE) -> 2 | L23: =VLOOKUP($B23, LSEG!$D:$E, 2, FALSE) -> 2 | M23: =VLOOKUP($B23, Experian!$D:$E, 2, FALSE) -> 2 | N23: =VLOOKUP($B23, Wise!$D:$E, 2, FALSE) -> 2 | O23: =ROUND(AVERAGE($C23:$N23), 2) -> 1.58 | P23: =COUNTIF($C23:$N23, ">=3") & "/12" -> 0/12 | Q23: =COUNTIF($C23:$N23, ">=4") & "/12" -> 0/12
A24: CYG-06 | B24: Supply-chain / third-party cyber risk governance. | C24: =VLOOKUP($B24, HSBC!$D:$E, 2, FALSE) -> 4 | D24: =VLOOKUP($B24, Barclays!$D:$E, 2, FALSE) -> 4 | E24: =VLOOKUP($B24, Lloyds!$D:$E, 2, FALSE) -> 3 | F24: =VLOOKUP($B24, Aviva!$D:$E, 2, FALSE) -> 3 | G24: =VLOOKUP($B24, LG!$D:$E, 2, FALSE) -> 3 | H24: =VLOOKUP($B24, Prudential!$D:$E, 2, FALSE) -> 4 | I24: =VLOOKUP($B24, '3i'!$D:$E, 2, FALSE) -> 3 | J24: =VLOOKUP($B24, MG!$D:$E, 2, FALSE) -> 3 | K24: =VLOOKUP($B24, Schroders!$D:$E, 2, FALSE) -> 4 | L24: =VLOOKUP($B24, LSEG!$D:$E, 2, FALSE) -> 3 | M24: =VLOOKUP($B24, Experian!$D:$E, 2, FALSE) -> 3 | N24: =VLOOKUP($B24, Wise!$D:$E, 2, FALSE) -> 3 | O24: =ROUND(AVERAGE($C24:$N24), 2) -> 3.33 | P24: =COUNTIF($C24:$N24, ">=3") & "/12" -> 12/12 | Q24: =COUNTIF($C24:$N24, ">=4") & "/12" -> 4/12
A25: CYG-07 | B25: Access control and identity management. | C25: =VLOOKUP($B25, HSBC!$D:$E, 2, FALSE) -> 3 | D25: =VLOOKUP($B25, Barclays!$D:$E, 2, FALSE) -> 3 | E25: =VLOOKUP($B25, Lloyds!$D:$E, 2, FALSE) -> 3 | F25: =VLOOKUP($B25, Aviva!$D:$E, 2, FALSE) -> 1 | G25: =VLOOKUP($B25, LG!$D:$E, 2, FALSE) -> 1 | H25: =VLOOKUP($B25, Prudential!$D:$E, 2, FALSE) -> 2 | I25: =VLOOKUP($B25, '3i'!$D:$E, 2, FALSE) -> 2 | J25: =VLOOKUP($B25, MG!$D:$E, 2, FALSE) -> 1 | K25: =VLOOKUP($B25, Schroders!$D:$E, 2, FALSE) -> 2 | L25: =VLOOKUP($B25, LSEG!$D:$E, 2, FALSE) -> 2 | M25: =VLOOKUP($B25, Experian!$D:$E, 2, FALSE) -> 3 | N25: =VLOOKUP($B25, Wise!$D:$E, 2, FALSE) -> 2 | O25: =ROUND(AVERAGE($C25:$N25), 2) -> 2.08 | P25: =COUNTIF($C25:$N25, ">=3") & "/12" -> 4/12 | Q25: =COUNTIF($C25:$N25, ">=4") & "/12" -> 0/12
A26: CYG-08 | B26: Data security (confidentiality, integrity, availability). | C26: =VLOOKUP($B26, HSBC!$D:$E, 2, FALSE) -> 4 | D26: =VLOOKUP($B26, Barclays!$D:$E, 2, FALSE) -> 4 | E26: =VLOOKUP($B26, Lloyds!$D:$E, 2, FALSE) -> 3 | F26: =VLOOKUP($B26, Aviva!$D:$E, 2, FALSE) -> 2 | G26: =VLOOKUP($B26, LG!$D:$E, 2, FALSE) -> 3 | H26: =VLOOKUP($B26, Prudential!$D:$E, 2, FALSE) -> 4 | I26: =VLOOKUP($B26, '3i'!$D:$E, 2, FALSE) -> 3 | J26: =VLOOKUP($B26, MG!$D:$E, 2, FALSE) -> 3 | K26: =VLOOKUP($B26, Schroders!$D:$E, 2, FALSE) -> 3 | L26: =VLOOKUP($B26, LSEG!$D:$E, 2, FALSE) -> 3 | M26: =VLOOKUP($B26, Experian!$D:$E, 2, FALSE) -> 4 | N26: =VLOOKUP($B26, Wise!$D:$E, 2, FALSE) -> 4 | O26: =ROUND(AVERAGE($C26:$N26), 2) -> 3.33 | P26: =COUNTIF($C26:$N26, ">=3") & "/12" -> 11/12 | Q26: =COUNTIF($C26:$N26, ">=4") & "/12" -> 5/12
A27: CYG-09 | B27: Operational resilience / ICT continuity. | C27: =VLOOKUP($B27, HSBC!$D:$E, 2, FALSE) -> 4 | D27: =VLOOKUP($B27, Barclays!$D:$E, 2, FALSE) -> 4 | E27: =VLOOKUP($B27, Lloyds!$D:$E, 2, FALSE) -> 4 | F27: =VLOOKUP($B27, Aviva!$D:$E, 2, FALSE) -> 3 | G27: =VLOOKUP($B27, LG!$D:$E, 2, FALSE) -> 4 | H27: =VLOOKUP($B27, Prudential!$D:$E, 2, FALSE) -> 4 | I27: =VLOOKUP($B27, '3i'!$D:$E, 2, FALSE) -> 3 | J27: =VLOOKUP($B27, MG!$D:$E, 2, FALSE) -> 3 | K27: =VLOOKUP($B27, Schroders!$D:$E, 2, FALSE) -> 4 | L27: =VLOOKUP($B27, LSEG!$D:$E, 2, FALSE) -> 4 | M27: =VLOOKUP($B27, Experian!$D:$E, 2, FALSE) -> 4 | N27: =VLOOKUP($B27, Wise!$D:$E, 2, FALSE) -> 3 | O27: =ROUND(AVERAGE($C27:$N27), 2) -> 3.67 | P27: =COUNTIF($C27:$N27, ">=3") & "/12" -> 12/12 | Q27: =COUNTIF($C27:$N27, ">=4") & "/12" -> 8/12
A28: CYG-10 | B28: Continuous monitoring / threat detection. | C28: =VLOOKUP($B28, HSBC!$D:$E, 2, FALSE) -> 4 | D28: =VLOOKUP($B28, Barclays!$D:$E, 2, FALSE) -> 4 | E28: =VLOOKUP($B28, Lloyds!$D:$E, 2, FALSE) -> 2 | F28: =VLOOKUP($B28, Aviva!$D:$E, 2, FALSE) -> 2 | G28: =VLOOKUP($B28, LG!$D:$E, 2, FALSE) -> 2 | H28: =VLOOKUP($B28, Prudential!$D:$E, 2, FALSE) -> 4 | I28: =VLOOKUP($B28, '3i'!$D:$E, 2, FALSE) -> 3 | J28: =VLOOKUP($B28, MG!$D:$E, 2, FALSE) -> 2 | K28: =VLOOKUP($B28, Schroders!$D:$E, 2, FALSE) -> 3 | L28: =VLOOKUP($B28, LSEG!$D:$E, 2, FALSE) -> 3 | M28: =VLOOKUP($B28, Experian!$D:$E, 2, FALSE) -> 4 | N28: =VLOOKUP($B28, Wise!$D:$E, 2, FALSE) -> 3 | O28: =ROUND(AVERAGE($C28:$N28), 2) -> 3 | P28: =COUNTIF($C28:$N28, ">=3") & "/12" -> 8/12 | Q28: =COUNTIF($C28:$N28, ">=4") & "/12" -> 4/12
A29: CYG-11 | B29: Incident response and management. | C29: =VLOOKUP($B29, HSBC!$D:$E, 2, FALSE) -> 4 | D29: =VLOOKUP($B29, Barclays!$D:$E, 2, FALSE) -> 4 | E29: =VLOOKUP($B29, Lloyds!$D:$E, 2, FALSE) -> 3 | F29: =VLOOKUP($B29, Aviva!$D:$E, 2, FALSE) -> 2 | G29: =VLOOKUP($B29, LG!$D:$E, 2, FALSE) -> 3 | H29: =VLOOKUP($B29, Prudential!$D:$E, 2, FALSE) -> 4 | I29: =VLOOKUP($B29, '3i'!$D:$E, 2, FALSE) -> 3 | J29: =VLOOKUP($B29, MG!$D:$E, 2, FALSE) -> 3 | K29: =VLOOKUP($B29, Schroders!$D:$E, 2, FALSE) -> 3 | L29: =VLOOKUP($B29, LSEG!$D:$E, 2, FALSE) -> 3 | M29: =VLOOKUP($B29, Experian!$D:$E, 2, FALSE) -> 4 | N29: =VLOOKUP($B29, Wise!$D:$E, 2, FALSE) -> 3 | O29: =ROUND(AVERAGE($C29:$N29), 2) -> 3.25 | P29: =COUNTIF($C29:$N29, ">=3") & "/12" -> 11/12 | Q29: =COUNTIF($C29:$N29, ">=4") & "/12" -> 4/12
A30: CYG-12 | B30: Threat-led penetration / resilience testing. | C30: =VLOOKUP($B30, HSBC!$D:$E, 2, FALSE) -> 4 | D30: =VLOOKUP($B30, Barclays!$D:$E, 2, FALSE) -> 4 | E30: =VLOOKUP($B30, Lloyds!$D:$E, 2, FALSE) -> 2 | F30: =VLOOKUP($B30, Aviva!$D:$E, 2, FALSE) -> 1 | G30: =VLOOKUP($B30, LG!$D:$E, 2, FALSE) -> 1 | H30: =VLOOKUP($B30, Prudential!$D:$E, 2, FALSE) -> 1 | I30: =VLOOKUP($B30, '3i'!$D:$E, 2, FALSE) -> 3 | J30: =VLOOKUP($B30, MG!$D:$E, 2, FALSE) -> 1 | K30: =VLOOKUP($B30, Schroders!$D:$E, 2, FALSE) -> 2 | L30: =VLOOKUP($B30, LSEG!$D:$E, 2, FALSE) -> 2 | M30: =VLOOKUP($B30, Experian!$D:$E, 2, FALSE) -> 3 | N30: =VLOOKUP($B30, Wise!$D:$E, 2, FALSE) -> 3 | O30: =ROUND(AVERAGE($C30:$N30), 2) -> 2.25 | P30: =COUNTIF($C30:$N30, ">=3") & "/12" -> 5/12 | Q30: =COUNTIF($C30:$N30, ">=4") & "/12" -> 2/12
... A33: CYG-15 | B33: Independent assurance / audit / management review. | C33: =VLOOKUP($B33, HSBC!$D:$E, 2, FALSE) -> 4 | D33: =VLOOKUP($B33, Barclays!$D:$E, 2, FALSE) -> 4 | E33: =VLOOKUP($B33, Lloyds!$D:$E, 2, FALSE) -> 3 | F33: =VLOOKUP($B33, Aviva!$D:$E, 2, FALSE) -> 3 | G33: =VLOOKUP($B33, LG!$D:$E, 2, FALSE) -> 4 | H33: =VLOOKUP($B33, Prudential!$D:$E, 2, FALSE) -> 4 | I33: =VLOOKUP($B33, '3i'!$D:$E, 2, FALSE) -> 2 | J33: =VLOOKUP($B33, MG!$D:$E, 2, FALSE) -> 3 | K33: =VLOOKUP($B33, Schroders!$D:$E, 2, FALSE) -> 4 | L33: =VLOOKUP($B33, LSEG!$D:$E, 2, FALSE) -> 3 | M33: =VLOOKUP($B33, Experian!$D:$E, 2, FALSE) -> 4 | N33: =VLOOKUP($B33, Wise!$D:$E, 2, FALSE) -> 4 | O33: =ROUND(AVERAGE($C33:$N33), 2) -> 3.5 | P33: =COUNTIF($C33:$N33, ">=3") & "/12" -> 11/12 | Q33: =COUNTIF($C33:$N33, ">=4") & "/12" -> 7/12
B34: Integration Indicators
A35: INT-01 | B35: A single committee / board body owns BOTH AI and cyber. | C35: =VLOOKUP($B35, HSBC!$D:$E, 2, FALSE) -> 4 | D35: =VLOOKUP($B35, Barclays!$D:$E, 2, FALSE) -> 3 | E35: =VLOOKUP($B35, Lloyds!$D:$E, 2, FALSE) -> 2 | F35: =VLOOKUP($B35, Aviva!$D:$E, 2, FALSE) -> 1 | G35: =VLOOKUP($B35, LG!$D:$E, 2, FALSE) -> 2 | H35: =VLOOKUP($B35, Prudential!$D:$E, 2, FALSE) -> 2 | I35: =VLOOKUP($B35, '3i'!$D:$E, 2, FALSE) -> 2 | J35: =VLOOKUP($B35, MG!$D:$E, 2, FALSE) -> 2 | K35: =VLOOKUP($B35, Schroders!$D:$E, 2, FALSE) -> 3 | L35: =VLOOKUP($B35, LSEG!$D:$E, 2, FALSE) -> 2 | M35: =VLOOKUP($B35, Experian!$D:$E, 2, FALSE) -> 3 | N35: =VLOOKUP($B35, Wise!$D:$E, 2, FALSE) -> 2 | O35: =ROUND(AVERAGE($C35:$N35), 2) -> 2.33 | P35: =COUNTIF($C35:$N35, ">=3") & "/12" -> 4/12 | Q35: =COUNTIF($C35:$N35, ">=4") & "/12" -> 1/12
A36: INT-02 | B36: CISO remit explicitly includes AI / joint accountability. | C36: =VLOOKUP($B36, HSBC!$D:$E, 2, FALSE) -> 2 | D36: =VLOOKUP($B36, Barclays!$D:$E, 2, FALSE) -> 2 | E36: =VLOOKUP($B36, Lloyds!$D:$E, 2, FALSE) -> 2 | F36: =VLOOKUP($B36, Aviva!$D:$E, 2, FALSE) -> 1 | G36: =VLOOKUP($B36, LG!$D:$E, 2, FALSE) -> 2 | H36: =VLOOKUP($B36, Prudential!$D:$E, 2, FALSE) -> 2 | I36: =VLOOKUP($B36, '3i'!$D:$E, 2, FALSE) -> 2 | J36: =VLOOKUP($B36, MG!$D:$E, 2, FALSE) -> 2 | K36: =VLOOKUP($B36, Schroders!$D:$E, 2, FALSE) -> 2 | L36: =VLOOKUP($B36, LSEG!$D:$E, 2, FALSE) -> 2 | M36: =VLOOKUP($B36, Experian!$D:$E, 2, FALSE) -> 2 | N36: =VLOOKUP($B36, Wise!$D:$E, 2, FALSE) -> 2 | O36: =ROUND(AVERAGE($C36:$N36), 2) -> 1.92 | P36: =COUNTIF($C36:$N36, ">=3") & "/12" -> 0/12 | Q36: =COUNTIF($C36:$N36, ">=4") & "/12" -> 0/12
A37: INT-03 | B37: Board reporting presents AI and cyber risk together. | C37: =VLOOKUP($B37, HSBC!$D:$E, 2, FALSE) -> 4 | D37: =VLOOKUP($B37, Barclays!$D:$E, 2, FALSE) -> 4 | E37: =VLOOKUP($B37, Lloyds!$D:$E, 2, FALSE) -> 3 | F37: =VLOOKUP($B37, Aviva!$D:$E, 2, FALSE) -> 1 | G37: =VLOOKUP($B37, LG!$D:$E, 2, FALSE) -> 2 | H37: =VLOOKUP($B37, Prudential!$D:$E, 2, FALSE) -> 3 | I37: =VLOOKUP($B37, '3i'!$D:$E, 2, FALSE) -> 2 | J37: =VLOOKUP($B37, MG!$D:$E, 2, FALSE) -> 2 | K37: =VLOOKUP($B37, Schroders!$D:$E, 2, FALSE) -> 3 | L37: =VLOOKUP($B37, LSEG!$D:$E, 2, FALSE) -> 3 | M37: =VLOOKUP($B37, Experian!$D:$E, 2, FALSE) -> 3 | N37: =VLOOKUP($B37, Wise!$D:$E, 2, FALSE) -> 3 | O37: =ROUND(AVERAGE($C37:$N37), 2) -> 2.75 | P37: =COUNTIF($C37:$N37, ">=3") & "/12" -> 8/12 | Q37: =COUNTIF($C37:$N37, ">=4") & "/12" -> 2/12
A38: INT-04 | B38: AI risk recorded in the enterprise / cyber risk register. | C38: =VLOOKUP($B38, HSBC!$D:$E, 2, FALSE) -> 3 | D38: =VLOOKUP($B38, Barclays!$D:$E, 2, FALSE) -> 3 | E38: =VLOOKUP($B38, Lloyds!$D:$E, 2, FALSE) -> 3 | F38: =VLOOKUP($B38, Aviva!$D:$E, 2, FALSE) -> 1 | G38: =VLOOKUP($B38, LG!$D:$E, 2, FALSE) -> 3 | H38: =VLOOKUP($B38, Prudential!$D:$E, 2, FALSE) -> 3 | I38: =VLOOKUP($B38, '3i'!$D:$E, 2, FALSE) -> 2 | J38: =VLOOKUP($B38, MG!$D:$E, 2, FALSE) -> 2 | K38: =VLOOKUP($B38, Schroders!$D:$E, 2, FALSE) -> 3 | L38: =VLOOKUP($B38, LSEG!$D:$E, 2, FALSE) -> 3 | M38: =VLOOKUP($B38, Experian!$D:$E, 2, FALSE) -> 3 | N38: =VLOOKUP($B38, Wise!$D:$E, 2, FALSE) -> 3 | O38: =ROUND(AVERAGE($C38:$N38), 2) -> 2.67 | P38: =COUNTIF($C38:$N38, ">=3") & "/12" -> 9/12 | Q38: =COUNTIF($C38:$N38, ">=4") & "/12" -> 0/12
A39: INT-05 | B39: Shared risk taxonomy across AI and cyber. | C39: =VLOOKUP($B39, HSBC!$D:$E, 2, FALSE) -> 2 | D39: =VLOOKUP($B39, Barclays!$D:$E, 2, FALSE) -> 2 | E39: =VLOOKUP($B39, Lloyds!$D:$E, 2, FALSE) -> 3 | F39: =VLOOKUP($B39, Aviva!$D:$E, 2, FALSE) -> 1 | G39: =VLOOKUP($B39, LG!$D:$E, 2, FALSE) -> 2 | H39: =VLOOKUP($B39, Prudential!$D:$E, 2, FALSE) -> 2 | I39: =VLOOKUP($B39, '3i'!$D:$E, 2, FALSE) -> 1 | J39: =VLOOKUP($B39, MG!$D:$E, 2, FALSE) -> 2 | K39: =VLOOKUP($B39, Schroders!$D:$E, 2, FALSE) -> 2 | L39: =VLOOKUP($B39, LSEG!$D:$E, 2, FALSE) -> 3 | M39: =VLOOKUP($B39, Experian!$D:$E, 2, FALSE) -> 3 | N39: =VLOOKUP($B39, Wise!$D:$E, 2, FALSE) -> 3 | O39: =ROUND(AVERAGE($C39:$N39), 2) -> 2.17 | P39: =COUNTIF($C39:$N39, ">=3") & "/12" -> 4/12 | Q39: =COUNTIF($C39:$N39, ">=4") & "/12" -> 0/12
A40: INT-06 | B40: AI sits within BOTH the model-risk and cyber-risk frameworks. | C40: =VLOOKUP($B40, HSBC!$D:$E, 2, FALSE) -> 3 | D40: =VLOOKUP($B40, Barclays!$D:$E, 2, FALSE) -> 3 | E40: =VLOOKUP($B40, Lloyds!$D:$E, 2, FALSE) -> 3 | F40: =VLOOKUP($B40, Aviva!$D:$E, 2, FALSE) -> 1 | G40: =VLOOKUP($B40, LG!$D:$E, 2, FALSE) -> 2 | H40: =VLOOKUP($B40, Prudential!$D:$E, 2, FALSE) -> 2 | I40: =VLOOKUP($B40, '3i'!$D:$E, 2, FALSE) -> 1 | J40: =VLOOKUP($B40, MG!$D:$E, 2, FALSE) -> 2 | K40: =VLOOKUP($B40, Schroders!$D:$E, 2, FALSE) -> 2 | L40: =VLOOKUP($B40, LSEG!$D:$E, 2, FALSE) -> 2 | M40: =VLOOKUP($B40, Experian!$D:$E, 2, FALSE) -> 3 | N40: =VLOOKUP($B40, Wise!$D:$E, 2, FALSE) -> 3 | O40: =ROUND(AVERAGE($C40:$N40), 2) -> 2.25 | P40: =COUNTIF($C40:$N40, ">=3") & "/12" -> 5/12 | Q40: =COUNTIF($C40:$N40, ">=4") & "/12" -> 0/12
A41: INT-07 | B41: Cyber controls embedded in the AI lifecycle. | C41: =VLOOKUP($B41, HSBC!$D:$E, 2, FALSE) -> 2 | D41: =VLOOKUP($B41, Barclays!$D:$E, 2, FALSE) -> 2 | E41: =VLOOKUP($B41, Lloyds!$D:$E, 2, FALSE) -> 2 | F41: =VLOOKUP($B41, Aviva!$D:$E, 2, FALSE) -> 1 | G41: =VLOOKUP($B41, LG!$D:$E, 2, FALSE) -> 3 | H41: =VLOOKUP($B41, Prudential!$D:$E, 2, FALSE) -> 2 | I41: =VLOOKUP($B41, '3i'!$D:$E, 2, FALSE) -> 1 | J41: =VLOOKUP($B41, MG!$D:$E, 2, FALSE) -> 2 | K41: =VLOOKUP($B41, Schroders!$D:$E, 2, FALSE) -> 2 | L41: =VLOOKUP($B41, LSEG!$D:$E, 2, FALSE) -> 1 | M41: =VLOOKUP($B41, Experian!$D:$E, 2, FALSE) -> 3 | N41: =VLOOKUP($B41, Wise!$D:$E, 2, FALSE) -> 1 | O41: =ROUND(AVERAGE($C41:$N41), 2) -> 1.83 | P41: =COUNTIF($C41:$N41, ">=3") & "/12" -> 2/12 | Q41: =COUNTIF($C41:$N41, ">=4") & "/12" -> 0/12
A42: INT-08 | B42: AI-specific threats addressed (adversarial, poisoning, model exfiltration). | C42: =VLOOKUP($B42, HSBC!$D:$E, 2, FALSE) -> 2 | D42: =VLOOKUP($B42, Barclays!$D:$E, 2, FALSE) -> 3 | E42: =VLOOKUP($B42, Lloyds!$D:$E, 2, FALSE) -> 2 | F42: =VLOOKUP($B42, Aviva!$D:$E, 2, FALSE) -> 1 | G42: =VLOOKUP($B42, LG!$D:$E, 2, FALSE) -> 2 | H42: =VLOOKUP($B42, Prudential!$D:$E, 2, FALSE) -> 3 | I42: =VLOOKUP($B42, '3i'!$D:$E, 2, FALSE) -> 1 | J42: =VLOOKUP($B42, MG!$D:$E, 2, FALSE) -> 3 | K42: =VLOOKUP($B42, Schroders!$D:$E, 2, FALSE) -> 2 | L42: =VLOOKUP($B42, LSEG!$D:$E, 2, FALSE) -> 2 | M42: =VLOOKUP($B42, Experian!$D:$E, 2, FALSE) -> 2 | N42: =VLOOKUP($B42, Wise!$D:$E, 2, FALSE) -> 2 | O42: =ROUND(AVERAGE($C42:$N42), 2) -> 2.08 | P42: =COUNTIF($C42:$N42, ">=3") & "/12" -> 3/12 | Q42: =COUNTIF($C42:$N42, ">=4") & "/12" -> 0/12
A43: INT-09 | B43: Shared data governance across AI and security. | C43: =VLOOKUP($B43, HSBC!$D:$E, 2, FALSE) -> 3 | D43: =VLOOKUP($B43, Barclays!$D:$E, 2, FALSE) -> 3 | E43: =VLOOKUP($B43, Lloyds!$D:$E, 2, FALSE) -> 3 | F43: =VLOOKUP($B43, Aviva!$D:$E, 2, FALSE) -> 2 | G43: =VLOOKUP($B43, LG!$D:$E, 2, FALSE) -> 2 | H43: =VLOOKUP($B43, Prudential!$D:$E, 2, FALSE) -> 3 | I43: =VLOOKUP($B43, '3i'!$D:$E, 2, FALSE) -> 1 | J43: =VLOOKUP($B43, MG!$D:$E, 2, FALSE) -> 2 | K43: =VLOOKUP($B43, Schroders!$D:$E, 2, FALSE) -> 2 | L43: =VLOOKUP($B43, LSEG!$D:$E, 2, FALSE) -> 2 | M43: =VLOOKUP($B43, Experian!$D:$E, 2, FALSE) -> 4 | N43: =VLOOKUP($B43, Wise!$D:$E, 2, FALSE) -> 2 | O43: =ROUND(AVERAGE($C43:$N43), 2) -> 2.42 | P43: =COUNTIF($C43:$N43, ">=3") & "/12" -> 5/12 | Q43: =COUNTIF($C43:$N43, ">=4") & "/12" -> 1/12
A44: INT-10 | B44: AI incidents run through the cyber incident-response process. | C44: =VLOOKUP($B44, HSBC!$D:$E, 2, FALSE) -> 1 | D44: =VLOOKUP($B44, Barclays!$D:$E, 2, FALSE) -> 2 | E44: =VLOOKUP($B44, Lloyds!$D:$E, 2, FALSE) -> 1 | F44: =VLOOKUP($B44, Aviva!$D:$E, 2, FALSE) -> 1 | G44: =VLOOKUP($B44, LG!$D:$E, 2, FALSE) -> 1 | H44: =VLOOKUP($B44, Prudential!$D:$E, 2, FALSE) -> 2 | I44: =VLOOKUP($B44, '3i'!$D:$E, 2, FALSE) -> 1 | J44: =VLOOKUP($B44, MG!$D:$E, 2, FALSE) -> 1 | K44: =VLOOKUP($B44, Schroders!$D:$E, 2, FALSE) -> 1 | L44: =VLOOKUP($B44, LSEG!$D:$E, 2, FALSE) -> 1 | M44: =VLOOKUP($B44, Experian!$D:$E, 2, FALSE) -> 2 | N44: =VLOOKUP($B44, Wise!$D:$E, 2, FALSE) -> 1 | O44: =ROUND(AVERAGE($C44:$N44), 2) -> 1.25 | P44: =COUNTIF($C44:$N44, ">=3") & "/12" -> 0/12 | Q44: =COUNTIF($C44:$N44, ">=4") & "/12" -> 0/12
A45: INT-11 | B45: AI used within cyber operations (detection / SOC). | C45: =VLOOKUP($B45, HSBC!$D:$E, 2, FALSE) -> 1 | D45: =VLOOKUP($B45, Barclays!$D:$E, 2, FALSE) -> 1 | E45: =VLOOKUP($B45, Lloyds!$D:$E, 2, FALSE) -> 1 | F45: =VLOOKUP($B45, Aviva!$D:$E, 2, FALSE) -> 1 | G45: =VLOOKUP($B45, LG!$D:$E, 2, FALSE) -> 1 | H45: =VLOOKUP($B45, Prudential!$D:$E, 2, FALSE) -> 2 | I45: =VLOOKUP($B45, '3i'!$D:$E, 2, FALSE) -> 1 | J45: =VLOOKUP($B45, MG!$D:$E, 2, FALSE) -> 1 | K45: =VLOOKUP($B45, Schroders!$D:$E, 2, FALSE) -> 1 | L45: =VLOOKUP($B45, LSEG!$D:$E, 2, FALSE) -> 1 | M45: =VLOOKUP($B45, Experian!$D:$E, 2, FALSE) -> 1 | N45: =VLOOKUP($B45, Wise!$D:$E, 2, FALSE) -> 1 | O45: =ROUND(AVERAGE($C45:$N45), 2) -> 1.08 | P45: =COUNTIF($C45:$N45, ">=3") & "/12" -> 0/12 | Q45: =COUNTIF($C45:$N45, ">=4") & "/12" -> 0/12
A46: INT-12 | B46: Unified third-party assessment covering AI and ICT. | C46: =VLOOKUP($B46, HSBC!$D:$E, 2, FALSE) -> 3 | D46: =VLOOKUP($B46, Barclays!$D:$E, 2, FALSE) -> 3 | E46: =VLOOKUP($B46, Lloyds!$D:$E, 2, FALSE) -> 2 | F46: =VLOOKUP($B46, Aviva!$D:$E, 2, FALSE) -> 2 | G46: =VLOOKUP($B46, LG!$D:$E, 2, FALSE) -> 2 | H46: =VLOOKUP($B46, Prudential!$D:$E, 2, FALSE) -> 3 | I46: =VLOOKUP($B46, '3i'!$D:$E, 2, FALSE) -> 2 | J46: =VLOOKUP($B46, MG!$D:$E, 2, FALSE) -> 2 | K46: =VLOOKUP($B46, Schroders!$D:$E, 2, FALSE) -> 3 | L46: =VLOOKUP($B46, LSEG!$D:$E, 2, FALSE) -> 2 | M46: =VLOOKUP($B46, Experian!$D:$E, 2, FALSE) -> 3 | N46: =VLOOKUP($B46, Wise!$D:$E, 2, FALSE) -> 2 | O46: =ROUND(AVERAGE($C46:$N46), 2) -> 2.42 | P46: =COUNTIF($C46:$N46, ">=3") & "/12" -> 5/12 | Q46: =COUNTIF($C46:$N46, ">=4") & "/12" -> 0/12
... A49: INT-15 | B49: Board links AI strategy to cyber resilience. | C49: =VLOOKUP($B49, HSBC!$D:$E, 2, FALSE) -> 3 | D49: =VLOOKUP($B49, Barclays!$D:$E, 2, FALSE) -> 3 | E49: =VLOOKUP($B49, Lloyds!$D:$E, 2, FALSE) -> 2 | F49: =VLOOKUP($B49, Aviva!$D:$E, 2, FALSE) -> 1 | G49: =VLOOKUP($B49, LG!$D:$E, 2, FALSE) -> 2 | H49: =VLOOKUP($B49, Prudential!$D:$E, 2, FALSE) -> 3 | I49: =VLOOKUP($B49, '3i'!$D:$E, 2, FALSE) -> 2 | J49: =VLOOKUP($B49, MG!$D:$E, 2, FALSE) -> 2 | K49: =VLOOKUP($B49, Schroders!$D:$E, 2, FALSE) -> 2 | L49: =VLOOKUP($B49, LSEG!$D:$E, 2, FALSE) -> 2 | M49: =VLOOKUP($B49, Experian!$D:$E, 2, FALSE) -> 3 | N49: =VLOOKUP($B49, Wise!$D:$E, 2, FALSE) -> 2 | O49: =ROUND(AVERAGE($C49:$N49), 2) -> 2.25 | P49: =COUNTIF($C49:$N49, ">=3") & "/12" -> 4/12 | Q49: =COUNTIF($C49:$N49, ">=4") & "/12" -> 0/12

Sheet Scoring Rubrics
B2: Scoring Rubrics
B4: Maturity scale — AI Governance (AIG) and Cyber Governance (CYG)
B5: Level | C5: Label | D5: Definition
B6: 1 | C6: Initial | D6: Absent or ad hoc - the governance activity is not mentioned, or appears only in passing with no substance.
B7: 2 | C7: Developing | D7: Acknowledged in generic terms; referenced but with no specifics, owners, or evidence it operates. Informal.
B8: 3 | C8: Defined | D8: A specific policy, structure or process is described, documented and applied organisation-wide.
B9: 4 | C9: Managed | D9: Owned and resourced; named accountability, cadence, metrics, or evidence the activity actually operates.
B10: 5 | C10: Optimising | D10: Independently assured or benchmarked, reviewed, and continuously improved (e.g. external audit / certification).
B13: Linkage scale — Integration (INT)
B14: Level | C14: Label | D14: Definition
B15: 1 | C15: Siloed | D15: AI and cyber governance are handled separately, with no cross-reference between them.
B16: 2 | C16: Aware | D16: Both are present and occasionally cross-referenced, but no shared mechanism exists.
B17: 3 | C17: Coordinated | D17: An explicit linkage is described on this dimension (e.g. AI named within the cyber policy).
B18: 4 | C18: Integrated | D18: A shared mechanism is operating (e.g. one committee, one risk register covering both).
B19: 5 | C19: Unified | D19: The two domains are fully fused on this dimension: jointly governed, jointly assured, continuously improved.

Sheet Codebook_Worksheet
A1: Firm: | B1: HSBC Holdings plc | E1: Sub-sector: | F1: Banking
A3: Pillar | B3: ID | C3: Dimension | D3: Indicator | E3: Score 1–5 | F3: Evidence summary | G3: Page ref | H3: Notes
A4: AI | B4: AIG-01 | C4: Leadership & Accountability | D4: Board / top-management-approved responsible-AI policy or principles.
A5: AI | B5: AIG-02 | C5: Leadership & Accountability | D5: Board / committee oversight of AI with a named senior owner (e.g. CAIO or accountable executive).
A6: AI | B6: AIG-03 | C6: Leadership & Accountability | D6: Defined AI roles, responsibilities and competence / resourcing.
A7: AI | B7: AIG-04 | C7: Risk Management | D7: Documented AI risk assessment process and stated AI risk appetite / tolerance.
A8: AI | B8: AIG-05 | C8: Risk Management | D8: AI/ML brought within the firm's model risk management framework.
A9: AI | B9: AIG-06 | C9: Risk Management | D9: AI system / model inventory maintained.
A10: AI | B10: AIG-07 | C10: Lifecycle & Data | D10: Responsible-AI lifecycle controls (development → validation/V&V → operation).
A11: AI | B11: AIG-08 | C11: Lifecycle & Data | D11: Data governance for AI (data quality, provenance, lineage).
A12: AI | B12: AIG-09 | C12: Lifecycle & Data | D12: AI impact assessment on customers / individuals.
A13: AI | B13: AIG-10 | C13: Transparency & Trustworthiness | D13: Fairness and harmful-bias management.
A14: AI | B14: AIG-11 | C14: Transparency & Trustworthiness | D14: Transparency and explainability to users / affected parties.
A15: AI | B15: AIG-12 | C15: Transparency & Trustworthiness | D15: Third-party / vendor AI risk governance.
... A48: INT | B48: INT-15 | C48: Assurance & Improvement | D48: Board links AI strategy to cyber resilience.
A50: SUMMARY
A51: AI governance — mean maturity | B51: =IFERROR(AVERAGE(E4,E5,E6,E7,E8,E9,E10,E11,E12,E13,E14,E15,E16,E17,E18),"")
A52: Cyber governance — mean maturity | B52: =IFERROR(AVERAGE(E19,E20,E21,E22,E23,E24,E25,E26,E27,E28,E29,E30,E31,E32,E33),"")
A53: Integration — mean linkage | B53: =IFERROR(AVERAGE(E34,E35,E36,E37,E38,E39,E40,E41,E42,E43,E44,E45,E46,E47,E48),"")
A54: AI–cyber maturity gap (cyber − AI) | B54: =IFERROR(B52-B51,"")
A56: Shared-dimension comparison (comparable axes only — dims 1, 2, 5)
A57: Dimension | B57: AI mean | C57: Cyber mean | D57: Gap | E57: Integration mean
A58: 1 Leadership & Accountability | B58: =IFERROR(AVERAGE(E4,E5,E6),"") | C58: =IFERROR(AVERAGE(E19,E20,E21),"") | D58: =IFERROR(C58-B58,"") | E58: =IFERROR(AVERAGE(E34,E35,E36),"")
A59: 2 Risk Management | B59: =IFERROR(AVERAGE(E7,E8,E9),"") | C59: =IFERROR(AVERAGE(E22,E23,E24),"") | D59: =IFERROR(C59-B59,"") | E59: =IFERROR(AVERAGE(E37,E38,E39),"")
A60: 5 Assurance & Improvement | B60: =IFERROR(AVERAGE(E16,E17,E18),"") | C60: =IFERROR(AVERAGE(E31,E32,E33),"") | D60: =IFERROR(C60-B60,"") | E60: =IFERROR(AVERAGE(E46,E47,E48),"")
A61: Lifecycle & Data | E61: =IFERROR(ROUND(AVERAGE(E40:E42),2),"")
A62: Detect & Response | E62: =IFERROR(ROUND(AVERAGE(E43:E45),2),"")

Sheet HSBC
A1: Firm: | B1: HSBC Holdings plc | E1: Sub-sector: | F1: Banking
A3: Pillar | B3: ID | C3: Dimension | D3: Indicator | E3: Score 1–5 | F3: Evidence summary | G3: Page ref | H3: Notes
A4: AI | B4: AIG-01 | C4: Leadership & Accountability | D4: Board / top-management-approved responsible-AI policy or principles. | E4: 3 | F4: HSBC publishes Principles for the Ethical Use of Data and AI and maintains a group-wide AI oversight, governance, lifecycle-management and risk framework. | G4: printed p.30, 59
A5: AI | B5: AIG-02 | C5: Leadership & Accountability | D5: Board / committee oversight of AI with a named senior owner (e.g. CAIO or accountable executive). | E5: 3 | F5: A group-wide AI oversight and governance framework operates and the Group Technology & Operations Committee reviews and challenges GenAI strategy; no single named AI executive (e.g. CAIO) is disclosed. | G5: printed p.30, 209, 215 | H5: Confirm whether GTO is a board or executive committee.
A6: AI | B6: AIG-03 | C6: Leadership & Accountability | D6: Defined AI roles, responsibilities and competence / resourcing. | E6: 4 | F6: AI Academy provides AI literacy, responsible-AI and AI-ethics training with digital badging and an AI Ambassador mentorship programme; over 100 GenAI solutions reported in use. | G6: printed p.8, 11, 56
A7: AI | B7: AIG-04 | C7: Risk Management | D7: Documented AI risk assessment process and stated AI risk appetite / tolerance. | E7: 3 | F7: HSBC reports developing a governance framework to manage risks from AI techniques (machine learning, agentic AI); AI/ML models are managed within model risk appetite. Framework described as in development. | G7: printed p.104, 181
A8: AI | B8: AIG-05 | C8: Risk Management | D8: AI/ML brought within the firm's model risk management framework. | E8: 4 | F8: AI/ML models sit within the Model Risk Management framework, which HSBC enhanced to meet the PRA's SS1/23; an AI-specific governance overlay is still being developed. | G8: printed p.104, 181 | H8: Strongest AI-governance indicator; AI-specific framework still developing.
A9: AI | B9: AIG-06 | C9: Risk Management | D9: AI system / model inventory maintained. | E9: 3 | F9: Models are managed across the model landscape via MRM with a library of model risk controls and a model risk committee structure; no AI-specific inventory is named. | G9: printed p.104, 182
A10: AI | B10: AIG-07 | C10: Lifecycle & Data | D10: Responsible-AI lifecycle controls (development → validation/V&V → operation). | E10: 3 | F10: The MRM lifecycle (development, independent validation, monitoring) applies to models including AI/ML; GenAI governance and approval processes are being streamlined. AI-specific lifecycle controls developing. | G10: printed p.104, 215
A11: AI | B11: AIG-08 | C11: Lifecycle & Data | D11: Data governance for AI (data quality, provenance, lineage). | E11: 3 | F11: A Group-wide data risk policy (reviewed annually) governs data and privacy; a Group data strategy and operating model is under development; ML is used in data infrastructure. AI-specific data governance not separately detailed. | G11: printed p.64, 215
A12: AI | B12: AIG-09 | C12: Lifecycle & Data | D12: AI impact assessment on customers / individuals. | E12: 2 | F12: Potential social impacts of AI on communities are noted in the human-rights review; no formal AI impact assessment on customers is disclosed. | G12: printed p.59
A13: AI | B13: AIG-10 | C13: Transparency & Trustworthiness | D13: Fairness and harmful-bias management. | E13: 2 | F13: AI principles cover the ethical use of data and AI; no explicit AI fairness or bias testing, metrics or remediation is disclosed. | G13: printed p.59
A14: AI | B14: AIG-11 | C14: Transparency & Trustworthiness | D14: Transparency and explainability to users / affected parties. | E14: 2 | F14: Transparency to customers on personal-data processing is disclosed and AI principles reference privacy; AI explainability is not explicitly addressed. | G14: printed p.59, 64
A15: AI | B15: AIG-12 | C15: Transparency & Trustworthiness | D15: Third-party / vendor AI risk governance. | E15: 2 | F15: A third-party security risk management process covers cyber/ICT suppliers; AI-specific vendor governance is not separately disclosed. | G15: printed p.64
A16: AI | B16: AIG-13 | C16: Assurance & Improvement | D16: Monitoring and measurement of AI performance and controls. | E16: 3 | F16: Model monitoring, model risk appetite metrics and independent validation within MRM cover AI/ML models; model risk is reported to the Group Risk Committee. | G16: printed p.106, 182
A17: AI | B17: AIG-14 | C17: Assurance & Improvement | D17: AI testing, incident management and escalation. | E17: 2 | F17: GenAI governance/approval and MRM controls are referenced; an AI-specific testing and incident-escalation process is not explicitly disclosed. | G17: printed p.215
A18: AI | B18: AIG-15 | C18: Assurance & Improvement | D18: Independent assurance / audit / management review of AI governance. | E18: 3 | F18: MRM independent validation (second line) and Global Internal Audit (third line) assure model risk including AI/ML; AI-specific independent assurance is not separately framed. | G18: printed p.99, 182
A19: CYBER | B19: CYG-01 | C19: Leadership & Accountability | D19: Board-approved cybersecurity / information-security policy. | E19: 4 | F19: Cybersecurity policy and governance operate within a three-lines-of-defence model aligned to the enterprise risk management framework; a Group-wide data risk policy is reviewed annually. | G19: printed p.64
A20: CYBER | B20: CYG-02 | C20: Leadership & Accountability | D20: Board oversight of cyber risk with a named senior owner (CISO). | E20: 4 | F20: Cyber risk is led and coordinated by a Global Chief Information Security Officer (CISO); the Group Technology & Operations Committee receives CISO/GCIO updates on the cybersecurity programme. | G20: printed p.64, 215
... A22: CYBER | B22: CYG-04 | C22: Risk Management | D22: Documented cyber risk assessment and stated risk appetite. | E22: 4 | F22: Technology and cybersecurity risk is a named top/emerging risk managed within risk appetite; resilience risk is measured against agreed appetite. | G22: printed p.31, 101, 106
A23: CYBER | B23: CYG-05 | C23: Risk Management | D23: Asset inventory / asset management. | E23: 2 | F23: An extensive technology landscape is referenced, but an explicit asset inventory / asset management capability is not disclosed. | G23: printed p.64, 101 | H23: Not disclosed as such — low-yield in annual reports.
A24: CYBER | B24: CYG-06 | C24: Risk Management | D24: Supply-chain / third-party cyber risk governance. | E24: 4 | F24: A third-party security risk management process assesses suppliers against HSBC's cybersecurity standards; third-party cyber exposure is tracked and reported to the Group Technology & Operations Committee. | G24: printed p.64, 215
A25: CYBER | B25: CYG-07 | C25: Protection & Resilience | D25: Access control and identity management. | E25: 3 | F25: Defence-in-depth controls reduce unauthorised access and exploitation of vulnerabilities; explicit identity- and access-management detail is not disclosed. | G25: printed p.64
A26: CYBER | B26: CYG-08 | C26: Protection & Resilience | D26: Data security (confidentiality, integrity, availability). | E26: 4 | F26: Defence-in-depth security layers, data-leakage controls, and routinely tested data backup and disaster recovery protect confidentiality, integrity and availability. | G26: printed p.64
A27: CYBER | B27: CYG-09 | C27: Protection & Resilience | D27: Operational resilience / ICT continuity. | E27: 4 | F27: Operational resilience is operated per the Risk Management Framework around Important Business Services; a resilience-risk target operating model, incident-management plans and backup/DR testing are described. | G27: printed p.64, 180
A28: CYBER | B28: CYG-10 | C28: Detection & Response | D28: Continuous monitoring / threat detection. | E28: 4 | F28: Round-the-clock security operations support detect/respond; a dedicated cyber intelligence and threat-analysis team collects internal and external threat information. | G28: printed p.64
A29: CYBER | B29: CYG-11 | C29: Detection & Response | D29: Incident response and management. | E29: 4 | F29: Procedures cover cyber incident identification, investigation, mitigation and reporting; incident-management plans, post-incident reviews and playbook testing are described. | G29: printed p.64, 180, 215
A30: CYBER | B30: CYG-12 | C30: Detection & Response | D30: Threat-led penetration / resilience testing. | E30: 4 | F30: External independent third parties are engaged to support penetration testing and threat-led penetration testing. | G30: printed p.64
A31: CYBER | B31: CYG-13 | C31: Assurance & Improvement | D31: Security monitoring metrics and board reporting. | E31: 4 | F31: The Group Technology & Operations Committee receives updates and metrics on all key components of the cybersecurity programme, including incidents and third-party exposure. | G31: printed p.215
A32: CYBER | B32: CYG-14 | C32: Assurance & Improvement | D32: Security awareness and training. | E32: 4 | F32: Cyber training and awareness programmes operate, alongside mandatory data privacy and security training for employees. | G32: printed p.64
A33: CYBER | B33: CYG-15 | C33: Assurance & Improvement | D33: Independent assurance / audit / management review. | E33: 4 | F33: Global Internal Audit (third line) provides independent assurance over risk management including cyber; results are reported to the Group Audit Committee and Group Risk Committee. | G33: printed p.99, 206
A34: INT | B34: INT-01 | C34: Leadership & Accountability | D34: A single committee / board body owns BOTH AI and cyber. | E34: 4 | F34: The Group Technology & Operations Committee oversees GenAI strategy, cybersecurity and data within one committee — a shared governance body covering both domains. | G34: printed p.215 | H34: Keystone integration evidence (single committee covers AI + cyber).
A35: INT | B35: INT-02 | C35: Leadership & Accountability | D35: CISO remit explicitly includes AI / joint accountability. | E35: 2 | F35: The CISO leads cyber and the cyber function addresses AI as an emerging technology risk; AI governance itself sits within model risk rather than the CISO remit. | G35: printed p.64, 181
A36: INT | B36: INT-03 | C36: Leadership & Accountability | D36: Board reporting presents AI and cyber risk together. | E36: 4 | F36: GenAI strategy and cybersecurity are presented as adjacent areas of focus within the same Group Technology & Operations Committee report. | G36: printed p.215
A37: INT | B37: INT-04 | C37: Risk Management | D37: AI risk recorded in the enterprise / cyber risk register. | E37: 3 | F37: AI/model risk is a named top/emerging risk within the enterprise risk framework and is reported to the Group Risk Committee; not framed as a single AI-in-cyber-register entry. | G37: printed p.104, 182
A38: INT | B38: INT-05 | C38: Risk Management | D38: Shared risk taxonomy across AI and cyber. | E38: 2 | F38: The resilience-risk taxonomy covers technology/cyber and data; model risk is a separate taxonomy; no shared AI-cyber taxonomy is disclosed. | G38: printed p.180, 182
A39: INT | B39: INT-06 | C39: Risk Management | D39: AI sits within BOTH the model-risk and cyber-risk frameworks. | E39: 3 | F39: AI/ML is firmly within model risk (MRM/SS1/23) and the cybersecurity function separately addresses AI as an emerging technology risk — AI features in both frameworks. | G39: printed p.64, 104, 181
A40: INT | B40: INT-07 | C40: Lifecycle & Data | D40: Cyber controls embedded in the AI lifecycle. | E40: 2 | F40: Cybersecurity notes preparedness for emerging technology risks such as AI; cyber controls embedded within the AI development lifecycle are not explicitly disclosed. | G40: printed p.64
A41: INT | B41: INT-08 | C41: Lifecycle & Data | D41: AI-specific threats addressed (adversarial, poisoning, model exfiltration). | E41: 2 | F41: AI is named as an emerging technology risk within cybersecurity preparedness; AI-specific threats (adversarial, data poisoning, model exfiltration) are not specifically disclosed. | G41: printed p.64
A42: INT | B42: INT-09 | C42: Lifecycle & Data | D42: Shared data governance across AI and security. | E42: 3 | F42: A Group-wide data risk policy spans data, privacy and security across businesses; AI uses the same data governance, but AI-security data integration is not separately framed. | G42: printed p.64
A43: INT | B43: INT-10 | C43: Detection & Response | D43: AI incidents run through the cyber incident-response process. | E43: 1 | F43: AI-specific incidents being routed through the cyber incident-response process are not disclosed. | G43: — | H43: Not disclosed.
A44: INT | B44: INT-11 | C44: Detection & Response | D44: AI used within cyber operations (detection / SOC). | E44: 1 | F44: Use of AI within cyber detection / security operations is not disclosed (AI/GenAI use is described for efficiency and financial-crime detection, not the cyber SOC). | G44: — | H44: Not disclosed.
A45: INT | B45: INT-12 | C45: Detection & Response | D45: Unified third-party assessment covering AI and ICT. | E45: 3 | F45: The third-party security risk process covers ICT suppliers and third-party cyber exposure is reported; a unified AI+ICT third-party assessment is not separately disclosed. | G45: printed p.64, 215
A46: INT | B46: INT-13 | C46: Assurance & Improvement | D46: Joint assurance / audit covering both domains. | E46: 3 | F46: Global Internal Audit and MRM independent validation span risk domains including model risk and cyber; a jointly framed AI-cyber assurance programme is not explicitly disclosed. | G46: printed p.99, 182
A47: INT | B47: INT-14 | C47: Assurance & Improvement | D47: Joint regulatory preparedness (AI Act + DORA + operational resilience). | E47: 2 | F47: Operational resilience is mature and the GenAI regulatory landscape is monitored; DORA and the EU AI Act are not named, and joint cross-regulatory preparedness is not framed together. | G47: printed p.180, 215 | H47: DORA / EU AI Act not named in the report.
A48: INT | B48: INT-15 | C48: Assurance & Improvement | D48: Board links AI strategy to cyber resilience. | E48: 3 | F48: The Group Technology & Operations Committee considers AI strategy and cyber resilience together; an explicit board-level link between AI strategy and cyber resilience is not articulated. | G48: printed p.215
A50: SUMMARY
A51: AI governance — mean maturity | B51: =IFERROR(AVERAGE(E4,E5,E6,E7,E8,E9,E10,E11,E12,E13,E14,E15,E16,E17,E18),"") -> 2.8
A52: Cyber governance — mean maturity | B52: =IFERROR(AVERAGE(E19,E20,E21,E22,E23,E24,E25,E26,E27,E28,E29,E30,E31,E32,E33),"") -> 3.8
A53: Integration — mean linkage | B53: =IFERROR(AVERAGE(E34,E35,E36,E37,E38,E39,E40,E41,E42,E43,E44,E45,E46,E47,E48),"") -> 2.5333333
A54: AI–cyber maturity gap (cyber − AI) | B54: =IFERROR(B52-B51,"") -> 1
A56: Shared-dimension comparison (comparable axes only — dims 1, 2, 5)
A57: Dimension | B57: AI mean | C57: Cyber mean | D57: Gap | E57: Integration mean
A58: 1 Leadership & Accountability | B58: =IFERROR(AVERAGE(E4,E5,E6),"") -> 3.3333333 | C58: =IFERROR(AVERAGE(E19,E20,E21),"") -> 4 | D58: =IFERROR(C58-B58,"") -> 0.66666667 | E58: =IFERROR(AVERAGE(E34,E35,E36),"") -> 3.3333333
A59: 2 Risk Management | B59: =IFERROR(AVERAGE(E7,E8,E9),"") -> 3.3333333 | C59: =IFERROR(AVERAGE(E22,E23,E24),"") -> 3.3333333 | D59: =IFERROR(C59-B59,"") -> 0 | E59: =IFERROR(AVERAGE(E37,E38,E39),"") -> 2.6666667
A60: 5 Assurance & Improvement | B60: =IFERROR(AVERAGE(E16,E17,E18),"") -> 2.6666667 | C60: =IFERROR(AVERAGE(E31,E32,E33),"") -> 4 | D60: =IFERROR(C60-B60,"") -> 1.3333333 | E60: =IFERROR(AVERAGE(E46,E47,E48),"") -> 2.6666667
A61: Lifecycle & Data | E61: =IFERROR(ROUND(AVERAGE(E40:E42),2),"") -> 2.33
A62: Detect & Response | E62: =IFERROR(ROUND(AVERAGE(E43:E45),2),"") -> 1.67

Sheet Barclays
A1: Firm: | E1: Sub-sector: | H1: Date
B2: Barclays PLC | F2: Banking
A3: Pillar | B3: ID | C3: Dimension | D3: Indicator | E3: Score 1–5 | F3: Evidence summary | G3: Page ref | H3: Notes
A4: AI | B4: AIG-01 | C4: Leadership & Accountability | D4: Board / top-management-approved responsible-AI policy or principles. | E4: 4 | F4: Barclays operates an AI Policy and a new AI Standard with Ethical AI Principles for enterprise-wide, ethical and lawful AI use; the Board reviews the approach to AI governance and the related policies/standards. | G4: printed p.252, 341, 125
A5: AI | B5: AIG-02 | C5: Leadership & Accountability | D5: Board / committee oversight of AI with a named senior owner (e.g. CAIO or accountable executive). | E5: 4 | F5: The Board has close oversight of AI governance, policies and use cases and deepened its AI expertise through external engagement; the Board Risk Committee considers AI-related threats. No named Chief AI Officer disclosed. | G5: printed p.125, 142
A6: AI | B6: AIG-03 | C6: Leadership & Accountability | D6: Defined AI roles, responsibilities and competence / resourcing. | E6: 3 | F6: Board and ExCo deepened AI/technology understanding (incl. external/academic engagement); additional model roles and responsibilities established; AI/ML initiatives launched. AI-specific staff training less detailed. | G6: printed p.125, 182, 341
A7: AI | B7: AIG-04 | C7: Risk Management | D7: Documented AI risk assessment process and stated AI risk appetite / tolerance. | E7: 3 | F7: The AI Policy defines management and oversight of AI risks; AI risks and opportunities are considered within model risk; an associated AI governance framework is being designed. | G7: printed p.142, 252, 341
A8: AI | B8: AIG-05 | C8: Risk Management | D8: AI/ML brought within the firm's model risk management framework. | E8: 4 | F8: AI validation (including GenAI) and an AI Standard sit within the model risk framework, which Barclays is enhancing under a PRA Supervisory Statement 1/23 remediation programme. | G8: printed p.142, 341 | H8: Strongest AI indicator: AI Standard within MRM; SS1/23 remediation.
A9: AI | B9: AIG-06 | C9: Risk Management | D9: AI system / model inventory maintained. | E9: 3 | F9: Model risk enhancements include additional roles/responsibilities and a defined monitoring framework; an AI/model inventory is not explicitly named. | G9: printed p.341
A10: AI | B10: AIG-07 | C10: Lifecycle & Data | D10: Responsible-AI lifecycle controls (development → validation/V&V → operation). | E10: 3 | F10: Approach to AI validation (incl. GenAI) and the design of an associated governance framework; model development, validation and monitoring practices enhanced. | G10: printed p.341
A11: AI | B11: AIG-08 | C11: Lifecycle & Data | D11: Data governance for AI (data quality, provenance, lineage). | E11: 3 | F11: Data privacy sits within the refreshed Compliance Risk Taxonomy; data/technology risk themes outside the model risk framework are tracked for model impact. AI-specific data governance not separately detailed. | G11: printed p.341
A12: AI | B12: AIG-09 | C12: Lifecycle & Data | D12: AI impact assessment on customers / individuals. | E12: 2 | F12: The AI Policy targets ethical, lawful and appropriate AI use and Consumer Duty governs fair outcomes; a formal AI impact assessment on customers is not disclosed. | G12: printed p.252, 343
A13: AI | B13: AIG-10 | C13: Transparency & Trustworthiness | D13: Fairness and harmful-bias management. | E13: 3 | F13: Ethical AI Principles are defined and the risk of biased, harmful or discriminatory AI output is explicitly acknowledged; bias-testing metrics are not disclosed. | G13: printed p.231, 252
A14: AI | B14: AIG-11 | C14: Transparency & Trustworthiness | D14: Transparency and explainability to users / affected parties. | E14: 2 | F14: Ethical AI Principles cover lawful and appropriate use; AI explainability is not explicitly addressed. | G14: printed p.252
A15: AI | B15: AIG-12 | C15: Transparency & Trustworthiness | D15: Third-party / vendor AI risk governance. | E15: 3 | F15: AI use by the Group and its third-party service providers is acknowledged as a risk; third-party risk management operates within cyber. AI-specific vendor governance not separately framed. | G15: printed p.231, 221
A16: AI | B16: AIG-13 | C16: Assurance & Improvement | D16: Monitoring and measurement of AI performance and controls. | E16: 3 | F16: Defined monitoring framework principles for models under SS1/23; the AI validation approach applies to AI/ML models. | G16: printed p.341
A17: AI | B17: AIG-14 | C17: Assurance & Improvement | D17: AI testing, incident management and escalation. | E17: 2 | F17: AI validation and model risk controls are referenced; an AI-specific testing and incident-escalation process is not explicitly disclosed. | G17: printed p.341
A18: AI | B18: AIG-15 | C18: Assurance & Improvement | D18: Independent assurance / audit / management review of AI governance. | E18: 3 | F18: Internal Audit provides independent assurance over governance, risk and control including evolving risks; independent model validation operates. AI-specific assurance not separately framed. | G18: printed p.57, 341
A19: CYBER | B19: CYG-01 | C19: Leadership & Accountability | D19: Board-approved cybersecurity / information-security policy. | E19: 4 | F19: An Operational Resilience Framework underpinned by Policy and Standards is integrated with the Enterprise Risk Management Framework; a structured cybersecurity programme operates. | G19: printed p.220
A20: CYBER | B20: CYG-02 | C20: Leadership & Accountability | D20: Board oversight of cyber risk with a named senior owner (CISO). | E20: 4 | F20: The Group CISO provides cybersecurity updates to the Board Risk Committee; a Chief Information Security Office runs a threat-led assurance model. | G20: printed p.221
... A27: CYBER | B27: CYG-09 | C27: Protection & Resilience | D27: Operational resilience / ICT continuity. | E27: 4 | F27: The Operational Resilience Framework (Policy, Standards) is aligned to regulators and integrated with the ERMF; severe-but-plausible scenario recovery plans are tested regularly. | G27: printed p.219, 220
A28: CYBER | B28: CYG-10 | C28: Detection & Response | D28: Continuous monitoring / threat detection. | E28: 4 | F28: 24/7 Joint Operations Centres across three locations link security and incident-response staff; cyber-threat intelligence operations run. | G28: printed p.220, 221 | H28: 24/7 Joint Operations Centres (SOC).
A29: CYBER | B29: CYG-11 | C29: Detection & Response | D29: Incident response and management. | E29: 4 | F29: Incident-response managers operate within the JOCs; recovery and business-response plans exist; incident trends and response are reported to the Board Risk Committee. | G29: printed p.220, 221
A30: CYBER | B30: CYG-12 | C30: Detection & Response | D30: Threat-led penetration / resilience testing. | E30: 4 | F30: External security consultants conduct penetration tests and attack simulations; the CISO operates a threat-led assurance model. | G30: printed p.221
A31: CYBER | B31: CYG-13 | C31: Assurance & Improvement | D31: Security monitoring metrics and board reporting. | E31: 4 | F31: The Group CISO reports cyber risk/control posture, incident trends and metrics to the Board Risk Committee. | G31: printed p.221
A32: CYBER | B32: CYG-14 | C32: Assurance & Improvement | D32: Security awareness and training. | E32: 3 | F32: Phishing simulations are conducted via third-party providers; broader security-awareness training is not separately detailed. | G32: printed p.221
A33: CYBER | B33: CYG-15 | C33: Assurance & Improvement | D33: Independent assurance / audit / management review. | E33: 4 | F33: Barclays Internal Audit provides independent assurance to the Board and ExCo; external consultants independently benchmark cybersecurity capabilities. | G33: printed p.57, 135, 221
A34: INT | B34: INT-01 | C34: Leadership & Accountability | D34: A single committee / board body owns BOTH AI and cyber. | E34: 3 | F34: The Board Risk Committee oversees cybersecurity and considers AI-related threats; AI governance is also overseen at Board level. A single committee owning both is partial. | G34: printed p.142, 221
A35: INT | B35: INT-02 | C35: Leadership & Accountability | D35: CISO remit explicitly includes AI / joint accountability. | E35: 2 | F35: The CISO leads cyber and AI external threats are considered within model risk; the CISO remit is not stated to include AI governance. | G35: printed p.142, 221
A36: INT | B36: INT-03 | C36: Leadership & Accountability | D36: Board reporting presents AI and cyber risk together. | E36: 4 | F36: The Board Risk Committee explicitly names cyber and AI-related threats together among non-financial risks. | G36: printed p.142 | H36: BRC names cyber + AI threats together.
A37: INT | B37: INT-04 | C37: Risk Management | D37: AI risk recorded in the enterprise / cyber risk register. | E37: 3 | F37: AI (incl. generative/agentic) is a named material/emerging risk and AI sits within model risk in the enterprise risk framework; not a single AI-in-cyber-register entry. | G37: printed p.231, 341
A38: INT | B38: INT-05 | C38: Risk Management | D38: Shared risk taxonomy across AI and cyber. | E38: 2 | F38: A refreshed Compliance Risk Taxonomy covers data privacy; AI and cyber are separate risk areas; no single shared AI-cyber taxonomy disclosed. | G38: printed p.341
A39: INT | B39: INT-06 | C39: Risk Management | D39: AI sits within BOTH the model-risk and cyber-risk frameworks. | E39: 3 | F39: AI is addressed within model risk (AI Standard/validation) and AI external threats are considered alongside cyber; AI features in both. | G39: printed p.142, 341
A40: INT | B40: INT-07 | C40: Lifecycle & Data | D40: Cyber controls embedded in the AI lifecycle. | E40: 2 | F40: An AI validation governance framework is being designed; cyber controls embedded within the AI development lifecycle are not explicitly disclosed. | G40: printed p.341
A41: INT | B41: INT-08 | C41: Lifecycle & Data | D41: AI-specific threats addressed (adversarial, poisoning, model exfiltration). | E41: 3 | F41: External threats presented by AI are explicitly considered within model risk; specific adversarial/poisoning/exfiltration threats are not named. | G41: printed p.142, 231
A42: INT | B42: INT-09 | C42: Lifecycle & Data | D42: Shared data governance across AI and security. | E42: 3 | F42: Data privacy and data/technology risk themes span the risk framework; AI uses the same data governance, but AI-security data integration is not separately framed. | G42: printed p.341
A43: INT | B43: INT-10 | C43: Detection & Response | D43: AI incidents run through the cyber incident-response process. | E43: 2 | F43: Group incident response operates enterprise-wide; AI-specific incidents being routed through the cyber incident-response process are not disclosed. | G43: printed p.221
A44: INT | B44: INT-11 | C44: Detection & Response | D44: AI used within cyber operations (detection / SOC). | E44: 1 | F44: Use of AI within cyber detection/SOC is not disclosed (ML is described for fraud detection, a separate domain). | G44: printed p.210
A45: INT | B45: INT-12 | C45: Detection & Response | D45: Unified third-party assessment covering AI and ICT. | E45: 3 | F45: Third-party security management and DORA critical-CTP oversight operate; a unified AI+ICT third-party assessment is not separately disclosed. | G45: printed p.221, 353
A46: INT | B46: INT-13 | C46: Assurance & Improvement | D46: Joint assurance / audit covering both domains. | E46: 3 | F46: Internal Audit assures governance/risk/control including evolving risks and model validation spans domains; a jointly framed AI-cyber assurance programme is not explicit. | G46: printed p.57, 341
A47: INT | B47: INT-14 | C47: Assurance & Improvement | D47: Joint regulatory preparedness (AI Act + DORA + operational resilience). | E47: 3 | F47: DORA (applied January 2025) and Consumer Duty are named and operational resilience is mature; emerging AI regulation is noted. Cross-regulatory preparedness partly framed together. | G47: printed p.343, 353 | H47: DORA + Consumer Duty named.
A48: INT | B48: INT-15 | C48: Assurance & Improvement | D48: Board links AI strategy to cyber resilience. | E48: 3 | F48: The Board oversees technology/AI transformation and resilience/security as priorities and fosters responsible innovation; an explicit AI-strategy-to-cyber-resilience link is not articulated. | G48: printed p.125
A50: SUMMARY
A51: AI governance — mean maturity | B51: =IFERROR(AVERAGE(E4,E5,E6,E7,E8,E9,E10,E11,E12,E13,E14,E15,E16,E17,E18),"") -> 3
A52: Cyber governance — mean maturity | B52: =IFERROR(AVERAGE(E19,E20,E21,E22,E23,E24,E25,E26,E27,E28,E29,E30,E31,E32,E33),"") -> 3.7333333
A53: Integration — mean linkage | B53: =IFERROR(AVERAGE(E34,E35,E36,E37,E38,E39,E40,E41,E42,E43,E44,E45,E46,E47,E48),"") -> 2.6666667
A54: AI–cyber maturity gap (cyber − AI) | B54: =IFERROR(B52-B51,"") -> 0.73333333
A56: Shared-dimension comparison (comparable axes only — dims 1, 2, 5)
A57: Dimension | B57: AI mean | C57: Cyber mean | D57: Gap | E57: Integration mean
A58: 1 Leadership & Accountability | B58: =IFERROR(AVERAGE(E4,E5,E6),"") -> 3.6666667 | C58: =IFERROR(AVERAGE(E19,E20,E21),"") -> 4 | D58: =IFERROR(C58-B58,"") -> 0.33333333 | E58: =IFERROR(AVERAGE(E34,E35,E36),"") -> 3
A59: 2 Risk Management | B59: =IFERROR(AVERAGE(E7,E8,E9),"") -> 3.3333333 | C59: =IFERROR(AVERAGE(E22,E23,E24),"") -> 3.3333333 | D59: =IFERROR(C59-B59,"") -> 0 | E59: =IFERROR(AVERAGE(E37,E38,E39),"") -> 2.6666667
A60: 5 Assurance & Improvement | B60: =IFERROR(AVERAGE(E16,E17,E18),"") -> 2.6666667 | C60: =IFERROR(AVERAGE(E31,E32,E33),"") -> 3.6666667 | D60: =IFERROR(C60-B60,"") -> 1 | E60: =IFERROR(AVERAGE(E46,E47,E48),"") -> 3
A63: Lifecycle & Data | E63: =IFERROR(ROUND(AVERAGE(E40:E42),2),"") -> 2.67
A64: Detect & Response | E64: =IFERROR(ROUND(AVERAGE(E43:E45),2),"") -> 2

Sheet Lloyds
A1: Firm: | E1: Sub-sector: | H1: Date
B2: Lloyds Banking Group plc | F2: Banking
A3: Pillar | B3: ID | C3: Dimension | D3: Indicator | E3: Score 1–5 | F3: Evidence summary | G3: Page ref | H3: Notes
A4: AI | B4: AIG-01 | C4: Leadership & Accountability | D4: Board / top-management-approved responsible-AI policy or principles. | E4: 4 | F4: Lloyds operates AI ethics principles and an Ethical AI framework embedded within its Group data and model risk policies, alongside a data ethics framework. | G4: printed p.29, 81
A5: AI | B5: AIG-02 | C5: Leadership & Accountability | D5: Board / committee oversight of AI with a named senior owner (e.g. CAIO or accountable executive). | E5: 4 | F5: AI use cases are overseen via a dedicated Data and AI Ethics Committee; GenAI deep dives and model-risk AI oversight occur at Board committees. No named Chief AI Officer disclosed. | G5: printed p.29, 81, 92 | H5: Data and AI Ethics Committee = named AI oversight body.
A6: AI | B6: AIG-03 | C6: Leadership & Accountability | D6: Defined AI roles, responsibilities and competence / resourcing. | E6: 3 | F6: A 'Leading with AI' programme (with Cambridge Spark) was delivered to over 200 senior leaders, with Board-level AI engagement. | G6: printed p.29
A7: AI | B7: AIG-04 | C7: Risk Management | D7: Documented AI risk assessment process and stated AI risk appetite / tolerance. | E7: 3 | F7: Safe, responsible use of AI models/tools is managed within the risk management framework; an Ethical AI framework and model risk appetite apply. | G7: printed p.24, 29
A8: AI | B8: AIG-05 | C8: Risk Management | D8: AI/ML brought within the firm's model risk management framework. | E8: 4 | F8: AI sits within model risk: an Ethical AI framework within model risk policies, a deep dive on generative/agentic AI with an associated assurance framework, and SS1/23 principles embedded. | G8: printed p.27, 29, 92, 96 | H8: Strong AI indicator: Ethical AI within MRM; SS1/23 embedded.
A9: AI | B9: AIG-06 | C9: Risk Management | D9: AI system / model inventory maintained. | E9: 3 | F9: The model risk operating framework was strengthened; an AI/model inventory is not explicitly named. | G9: printed p.27
A10: AI | B10: AIG-07 | C10: Lifecycle & Data | D10: Responsible-AI lifecycle controls (development → validation/V&V → operation). | E10: 3 | F10: Generative/agentic AI use cases are overseen with an associated assurance framework; the Ethical AI framework governs AI use. | G10: printed p.81, 92
A11: AI | B11: AIG-08 | C11: Lifecycle & Data | D11: Data governance for AI (data quality, provenance, lineage). | E11: 3 | F11: A data ethics framework and data ethics/data privacy policies operate within the Group data and model risk policies. | G11: printed p.29, 33
A12: AI | B12: AIG-09 | C12: Lifecycle & Data | D12: AI impact assessment on customers / individuals. | E12: 3 | F12: AI's impact on customer service and accessibility limitations is explicitly considered with updates to the Board; Consumer Duty governs outcomes. | G12: printed p.40
A13: AI | B13: AIG-10 | C13: Transparency & Trustworthiness | D13: Fairness and harmful-bias management. | E13: 3 | F13: AI ethics principles and the Data and AI Ethics Committee govern ethical AI use; explicit bias-testing metrics are not disclosed. | G13: printed p.81
A14: AI | B14: AIG-11 | C14: Transparency & Trustworthiness | D14: Transparency and explainability to users / affected parties. | E14: 2 | F14: AI ethics principles govern AI use; AI explainability is not explicitly addressed. | G14: printed p.81
A15: AI | B15: AIG-12 | C15: Transparency & Trustworthiness | D15: Third-party / vendor AI risk governance. | E15: 2 | F15: Third Party Supplier Policies and supplier risk management operate; AI-specific vendor governance is not separately disclosed. | G15: printed p.38
A16: AI | B16: AIG-13 | C16: Assurance & Improvement | D16: Monitoring and measurement of AI performance and controls. | E16: 3 | F16: An assurance framework accompanies generative/agentic AI oversight; model risk monitoring and quarterly reviews operate. | G16: printed p.29, 92
A17: AI | B17: AIG-14 | C17: Assurance & Improvement | D17: AI testing, incident management and escalation. | E17: 2 | F17: An AI assurance framework and use-case oversight are referenced; an AI-specific testing/incident process is not explicitly disclosed. | G17: printed p.92
A18: AI | B18: AIG-15 | C18: Assurance & Improvement | D18: Independent assurance / audit / management review of AI governance. | E18: 3 | F18: An AI assurance framework operates and Internal Audit reviews the control environment; the model risk framework's effectiveness is assessed. | G18: printed p.92, 96
A19: CYBER | B19: CYG-01 | C19: Leadership & Accountability | D19: Board-approved cybersecurity / information-security policy. | E19: 4 | F19: An IT and Cyber Security Governance framework and a Group Security Policy (aligned to the NIST Cyber Security Framework) govern information, cyber and physical security. | G19: printed p.33, 196 | H19: Group Security Policy aligned to NIST CSF (RQ3).
A20: CYBER | B20: CYG-02 | C20: Leadership & Accountability | D20: Board oversight of cyber risk with a named senior owner (CISO). | E20: 3 | F20: The Group Risk Committee and Board Risk Committee (supported by an IT and Cyber Advisory Forum attended by Board members) oversee cyber risk; no named CISO disclosed. | G20: printed p.196
A21: CYBER | B21: CYG-03 | C21: Leadership & Accountability | D21: Cyber risk embedded in enterprise risk-management strategy. | E21: 4 | F21: A three-lines-of-defence model operates; cyber risk is managed within the risk management framework and overseen by the Group/Board Risk Committees. | G21: printed p.139, 196
A22: CYBER | B22: CYG-04 | C22: Risk Management | D22: Documented cyber risk assessment and stated risk appetite. | E22: 3 | F22: Information, cyber and security risks are identified and managed within appetite; cyber sits within operational risk. | G22: printed p.27, 196
A23: CYBER | B23: CYG-05 | C23: Risk Management | D23: Asset inventory / asset management. | E23: 2 | F23: An explicit asset inventory / asset-management capability is not disclosed. | G23: —
A24: CYBER | B24: CYG-06 | C24: Risk Management | D24: Supply-chain / third-party cyber risk governance. | E24: 3 | F24: Third Party Supplier Policies and supplier assurance operate; operational resilience covers cyber and third-party implications. | G24: printed p.38, 87
A25: CYBER | B25: CYG-07 | C25: Protection & Resilience | D25: Access control and identity management. | E25: 3 | F25: The Group continues to enhance access controls across business applications and associated IT infrastructure. | G25: printed p.196
A26: CYBER | B26: CYG-08 | C26: Protection & Resilience | D26: Data security (confidentiality, integrity, availability). | E26: 3 | F26: Confidentiality of material information is ensured via the NIST-aligned Group Security Policy and an information/cyber/physical security policy. | G26: printed p.33, 196
A27: CYBER | B27: CYG-09 | C27: Protection & Resilience | D27: Operational resilience / ICT continuity. | E27: 4 | F27: Operational resilience to prevent/withstand/respond to cyber threats and IT outages; a resilience self-assessment (scenario testing, recovery timeframes, regulatory expectations) was approved by the Board. | G27: printed p.24, 74, 94
A28: CYBER | B28: CYG-10 | C28: Detection & Response | D28: Continuous monitoring / threat detection. | E28: 2 | F28: A threat-based cyber strategy and intelligence scanning operate; a security operations centre / continuous monitoring is not explicitly disclosed. | G28: printed p.29, 196
A29: CYBER | B29: CYG-11 | C29: Detection & Response | D29: Incident response and management. | E29: 3 | F29: A Group Incident Management framework operates, with incident reports reviewed monthly at the Group Incident Operating Forum. | G29: printed p.40
A30: CYBER | B30: CYG-12 | C30: Detection & Response | D30: Threat-led penetration / resilience testing. | E30: 2 | F30: A specialist third-party consultancy periodically assesses the maturity of the cyber security programme; threat-led penetration testing is not named. | G30: printed p.196 | H30: External cyber-maturity assessment; threat-led pen testing not named.
A31: CYBER | B31: CYG-13 | C31: Assurance & Improvement | D31: Security monitoring metrics and board reporting. | E31: 3 | F31: Cyber-risk deep dives at committees and an IT and Cyber Advisory Forum support Board oversight and reporting. | G31: printed p.29, 196
A32: CYBER | B32: CYG-14 | C32: Assurance & Improvement | D32: Security awareness and training. | E32: 2 | F32: An information/cyber security policy operates; specific cyber security-awareness training is not separately detailed. | G32: printed p.33
A33: CYBER | B33: CYG-15 | C33: Assurance & Improvement | D33: Independent assurance / audit / management review. | E33: 3 | F33: Internal Audit / the Chief Internal Auditor report on the control environment and an external consultancy independently assesses cyber maturity. | G33: printed p.74, 196
A34: INT | B34: INT-01 | C34: Leadership & Accountability | D34: A single committee / board body owns BOTH AI and cyber. | E34: 2 | F34: AI is overseen via the Data and AI Ethics Committee and cyber via the Group/Board Risk Committees (IT and Cyber Advisory Forum); these are separate committees rather than one body owning both. | G34: printed p.81, 196
A35: INT | B35: INT-02 | C35: Leadership & Accountability | D35: CISO remit explicitly includes AI / joint accountability. | E35: 2 | F35: No CISO is named; AI governance sits with the Data and AI Ethics Committee/model risk, separate from cyber. | G35: printed p.81, 196
A36: INT | B36: INT-03 | C36: Leadership & Accountability | D36: Board reporting presents AI and cyber risk together. | E36: 3 | F36: Generative AI and cyber risk are both delivered as committee deep dives within governance reporting, presented in the same update context. | G36: printed p.29
A37: INT | B37: INT-04 | C37: Risk Management | D37: AI risk recorded in the enterprise / cyber risk register. | E37: 3 | F37: AI and cybercrime are grouped within one emerging-risk theme ('Evolution of technology, AI and cybercrime'), and AI sits within model risk. | G37: printed p.29 | H37: AI + cybercrime grouped in one risk theme.
A38: INT | B38: INT-05 | C38: Risk Management | D38: Shared risk taxonomy across AI and cyber. | E38: 3 | F38: AI and cybercrime are framed within a single emerging-risk theme; a fully shared AI-cyber taxonomy is not otherwise detailed. | G38: printed p.29
A39: INT | B39: INT-06 | C39: Risk Management | D39: AI sits within BOTH the model-risk and cyber-risk frameworks. | E39: 3 | F39: AI is embedded within model risk (Ethical AI framework) and appears alongside cybercrime in the technology risk theme. | G39: printed p.29
A40: INT | B40: INT-07 | C40: Lifecycle & Data | D40: Cyber controls embedded in the AI lifecycle. | E40: 2 | F40: Cyber controls embedded within the AI development lifecycle are not explicitly disclosed. | G40: —
A41: INT | B41: INT-08 | C41: Lifecycle & Data | D41: AI-specific threats addressed (adversarial, poisoning, model exfiltration). | E41: 2 | F41: AI is treated as an emerging risk alongside cybercrime; specific adversarial/poisoning/exfiltration threats are not named. | G41: printed p.29
A42: INT | B42: INT-09 | C42: Lifecycle & Data | D42: Shared data governance across AI and security. | E42: 3 | F42: Data ethics, data privacy and information/cyber security policies operate together; AI uses the same data governance. | G42: printed p.33
A43: INT | B43: INT-10 | C43: Detection & Response | D43: AI incidents run through the cyber incident-response process. | E43: 1 | F43: AI-specific incidents being routed through the cyber incident-response process are not disclosed. | G43: —
A44: INT | B44: INT-11 | C44: Detection & Response | D44: AI used within cyber operations (detection / SOC). | E44: 1 | F44: Use of AI within cyber detection/SOC is not disclosed. | G44: —
A45: INT | B45: INT-12 | C45: Detection & Response | D45: Unified third-party assessment covering AI and ICT. | E45: 2 | F45: Third-party supplier and resilience oversight covers cyber; a unified AI+ICT third-party assessment is not disclosed. | G45: printed p.38, 87
A46: INT | B46: INT-13 | C46: Assurance & Improvement | D46: Joint assurance / audit covering both domains. | E46: 3 | F46: An AI assurance framework, Internal Audit and an external cyber-maturity assessment operate; a jointly framed AI-cyber assurance programme is not explicit. | G46: printed p.92, 196
A47: INT | B47: INT-14 | C47: Assurance & Improvement | D47: Joint regulatory preparedness (AI Act + DORA + operational resilience). | E47: 2 | F47: Operational resilience regulatory requirements, Consumer Duty and SS1/23 are addressed; DORA and the EU AI Act are not named together as joint preparedness. | G47: printed p.27, 74
A48: INT | B48: INT-15 | C48: Assurance & Improvement | D48: Board links AI strategy to cyber resilience. | E48: 2 | F48: AI and cyber both feature at Board/committee level and within one technology risk theme; an explicit board-level link between AI strategy and cyber resilience is not articulated. | G48: printed p.29
A50: SUMMARY
A51: AI governance — mean maturity | B51: =IFERROR(AVERAGE(E4,E5,E6,E7,E8,E9,E10,E11,E12,E13,E14,E15,E16,E17,E18),"") -> 3
A52: Cyber governance — mean maturity | B52: =IFERROR(AVERAGE(E19,E20,E21,E22,E23,E24,E25,E26,E27,E28,E29,E30,E31,E32,E33),"") -> 2.9333333
A53: Integration — mean linkage | B53: =IFERROR(AVERAGE(E34,E35,E36,E37,E38,E39,E40,E41,E42,E43,E44,E45,E46,E47,E48),"") -> 2.2666667
A54: AI–cyber maturity gap (cyber − AI) | B54: =IFERROR(B52-B51,"") -> -0.066666667
A56: Shared-dimension comparison (comparable axes only — dims 1, 2, 5)
A57: Dimension | B57: AI mean | C57: Cyber mean | D57: Gap | E57: Integration mean
A58: 1 Leadership & Accountability | B58: =IFERROR(AVERAGE(E4,E5,E6),"") -> 3.6666667 | C58: =IFERROR(AVERAGE(E19,E20,E21),"") -> 3.6666667 | D58: =IFERROR(C58-B58,"") -> 0 | E58: =IFERROR(AVERAGE(E34,E35,E36),"") -> 2.3333333
A59: 2 Risk Management | B59: =IFERROR(AVERAGE(E7,E8,E9),"") -> 3.3333333 | C59: =IFERROR(AVERAGE(E22,E23,E24),"") -> 2.6666667 | D59: =IFERROR(C59-B59,"") -> -0.66666667 | E59: =IFERROR(AVERAGE(E37,E38,E39),"") -> 3
A60: 5 Assurance & Improvement | B60: =IFERROR(AVERAGE(E16,E17,E18),"") -> 2.6666667 | C60: =IFERROR(AVERAGE(E31,E32,E33),"") -> 2.6666667 | D60: =IFERROR(C60-B60,"") -> 0 | E60: =IFERROR(AVERAGE(E46,E47,E48),"") -> 2.3333333
A63: Lifecyle & Data | E63: =IFERROR(ROUND(AVERAGE(E40:E42),2),"") -> 2.33
A64: Detect & Response | E64: =IFERROR(ROUND(AVERAGE(E43:E45),2),"") -> 1.33

Sheet Aviva
A1: Firm: | E1: Sub-sector: | H1: Date
B2: Aviva plc | F2: Insurance
A3: Pillar | B3: ID | C3: Dimension | D3: Indicator | E3: Score 1–5 | F3: Evidence summary | G3: Page ref | H3: Notes
A4: AI | B4: AIG-01 | C4: Leadership & Accountability | D4: Board / top-management-approved responsible-AI policy or principles. | E4: 2 | F4: AI is central to Aviva's efficiency strategy and 12 Generative AI solutions were deployed; no responsible-AI policy or ethics framework is disclosed. | G4: printed p.3, 32 | H4: AI adopted operationally; governance not disclosed.
A5: AI | B5: AIG-02 | C5: Leadership & Accountability | D5: Board / committee oversight of AI with a named senior owner (e.g. CAIO or accountable executive). | E5: 2 | F5: AI features in the Board-level efficiency strategy; no dedicated AI governance oversight body or named owner is disclosed. | G5: printed p.3, 26
A6: AI | B6: AIG-03 | C6: Leadership & Accountability | D6: Defined AI roles, responsibilities and competence / resourcing. | E6: 2 | F6: Generative AI solutions were deployed for customer-facing colleagues; AI-specific roles, competence or training are not disclosed. | G6: printed p.32
A7: AI | B7: AIG-04 | C7: Risk Management | D7: Documented AI risk assessment process and stated AI risk appetite / tolerance. | E7: 2 | F7: AI is used operationally; a documented AI risk assessment process or AI risk appetite is not disclosed. | G7: —
A8: AI | B8: AIG-05 | C8: Risk Management | D8: AI/ML brought within the firm's model risk management framework. | E8: 2 | F8: A Solvency II Partial Internal Model (PRA-approved) is used for capital; AI/ML being brought within a model risk management framework is not disclosed. | G8: printed p.45
A9: AI | B9: AIG-06 | C9: Risk Management | D9: AI system / model inventory maintained. | E9: 2 | F9: A Solvency II internal model is maintained; an AI system/model inventory is not disclosed. | G9: printed p.45
A10: AI | B10: AIG-07 | C10: Lifecycle & Data | D10: Responsible-AI lifecycle controls (development → validation/V&V → operation). | E10: 2 | F10: A generative AI underwriting tool emphasises accuracy and customer care; responsible-AI lifecycle controls are not disclosed. | G10: printed p.38
A11: AI | B11: AIG-08 | C11: Lifecycle & Data | D11: Data governance for AI (data quality, provenance, lineage). | E11: 2 | F11: High data privacy standards are maintained; AI-specific data governance is not disclosed. | G11: printed p.27
A12: AI | B12: AIG-09 | C12: Lifecycle & Data | D12: AI impact assessment on customers / individuals. | E12: 2 | F12: Generative AI supports customer experience and Consumer Duty is embedded; a formal AI impact assessment on customers is not disclosed. | G12: printed p.32, 78
A13: AI | B13: AIG-10 | C13: Transparency & Trustworthiness | D13: Fairness and harmful-bias management. | E13: 1 | F13: AI fairness or harmful-bias management is not disclosed. | G13: —
A14: AI | B14: AIG-11 | C14: Transparency & Trustworthiness | D14: Transparency and explainability to users / affected parties. | E14: 1 | F14: AI transparency or explainability is not disclosed. | G14: —
A15: AI | B15: AIG-12 | C15: Transparency & Trustworthiness | D15: Third-party / vendor AI risk governance. | E15: 2 | F15: Supplier and third-party risk is managed with Board oversight; AI-specific vendor governance is not disclosed. | G15: printed p.51
A16: AI | B16: AIG-13 | C16: Assurance & Improvement | D16: Monitoring and measurement of AI performance and controls. | E16: 2 | F16: AI is deployed operationally; monitoring/measurement of AI performance is not disclosed. | G16: —
... A48: INT | B48: INT-15 | C48: Assurance & Improvement | D48: Board links AI strategy to cyber resilience. | E48: 1 | F48: An explicit board-level link between AI strategy and cyber resilience is not articulated. | G48: —
A50: SUMMARY
A51: AI governance — mean maturity | B51: =IFERROR(AVERAGE(E4,E5,E6,E7,E8,E9,E10,E11,E12,E13,E14,E15,E16,E17,E18),"") -> 1.8
A52: Cyber governance — mean maturity | B52: =IFERROR(AVERAGE(E19,E20,E21,E22,E23,E24,E25,E26,E27,E28,E29,E30,E31,E32,E33),"") -> 2.3333333
A53: Integration — mean linkage | B53: =IFERROR(AVERAGE(E34,E35,E36,E37,E38,E39,E40,E41,E42,E43,E44,E45,E46,E47,E48),"") -> 1.2666667
A54: AI–cyber maturity gap (cyber − AI) | B54: =IFERROR(B52-B51,"") -> 0.53333333
A56: Shared-dimension comparison (comparable axes only — dims 1, 2, 5)
A57: Dimension | B57: AI mean | C57: Cyber mean | D57: Gap | E57: Integration mean
A58: 1 Leadership & Accountability | B58: =IFERROR(AVERAGE(E4,E5,E6),"") -> 2 | C58: =IFERROR(AVERAGE(E19,E20,E21),"") -> 3 | D58: =IFERROR(C58-B58,"") -> 1 | E58: =IFERROR(AVERAGE(E34,E35,E36),"") -> 1
A59: 2 Risk Management | B59: =IFERROR(AVERAGE(E7,E8,E9),"") -> 2 | C59: =IFERROR(AVERAGE(E22,E23,E24),"") -> 2.3333333 | D59: =IFERROR(C59-B59,"") -> 0.33333333 | E59: =IFERROR(AVERAGE(E37,E38,E39),"") -> 1
A60: 5 Assurance & Improvement | B60: =IFERROR(AVERAGE(E16,E17,E18),"") -> 1.6666667 | C60: =IFERROR(AVERAGE(E31,E32,E33),"") -> 2.6666667 | D60: =IFERROR(C60-B60,"") -> 1 | E60: =IFERROR(AVERAGE(E46,E47,E48),"") -> 1.6666667
A63: Lifecycle & Data | E63: =IFERROR(ROUND(AVERAGE(E40:E42),2),"") -> 1.33
A64: Detect & Response | E64: =+IFERROR(ROUND(AVERAGE(E43:E45),2),"") -> 1.33

Sheet LG
A1: Firm: | E1: Sub-sector: | H1: Date | I1: PAGE OFFSET -1
B2: Legal & General Group plc | F2: Insurance
A3: Pillar | B3: ID | C3: Dimension | D3: Indicator | E3: Score 1–5 | F3: Evidence summary | G3: Page ref | H3: Notes | I3: Verification status
A4: AI | B4: AIG-01 | C4: Leadership & Accountability | D4: Board / top-management-approved responsible-AI policy or principles. | E4: 3 | F4: A second-line AI Governance Program is maturing the Group's AI risk and governance posture; the Group engaged in AI regulatory consultations (incl. the FCA Mills Review). A standalone AI policy is not separately named. | G4: printed p.46 | H4: AI Governance Program (second-line AI risk oversight). | I4: Verified against source
A5: AI | B5: AIG-02 | C5: Leadership & Accountability | D5: Board / committee oversight of AI with a named senior owner (e.g. CAIO or accountable executive). | E5: 3 | F5: Second-line AI risk oversight is provided via the AI Governance Program; a committee oversees information security/cyber. No named Chief AI Officer disclosed. | G5: printed p.46, 75 | I5: Verified against source
A6: AI | B6: AIG-03 | C6: Leadership & Accountability | D6: Defined AI roles, responsibilities and competence / resourcing. | E6: 3 | F6: The AI Governance Program is responsible for the AI risk/governance posture and a secure environment for internal AI experimentation. | G6: printed p.46 | I6: Verified against source
A7: AI | B7: AIG-04 | C7: Risk Management | D7: Documented AI risk assessment process and stated AI risk appetite / tolerance. | E7: 3 | F7: Proportionate second-line AI risk oversight operates via the AI Governance Program. | G7: printed p.46 | I7: Verified against source
A8: AI | B8: AIG-05 | C8: Risk Management | D8: AI/ML brought within the firm's model risk management framework. | E8: 3 | F8: The model risk management framework was enhanced to align with the PRA's SS1/23 principles; AI is governed via a separate AI Governance Program rather than explicitly within model risk. | G8: printed p.70 | I8: Verified against source
A9: AI | B9: AIG-06 | C9: Risk Management | D9: AI system / model inventory maintained. | E9: 3 | F9: A Solvency UK internal model and an enhanced model risk framework operate; an AI/model inventory is not explicitly named. | G9: printed p.70, 83 | I9: Verified against source
A10: AI | B10: AIG-07 | C10: Lifecycle & Data | D10: Responsible-AI lifecycle controls (development → validation/V&V → operation). | E10: 3 | F10: A secure environment for internal AI experimentation is delivered; detailed AI lifecycle controls are not separately set out. | G10: printed p.46 | I10: Verified against source
A11: AI | B11: AIG-08 | C11: Lifecycle & Data | D11: Data governance for AI (data quality, provenance, lineage). | E11: 2 | F11: Mandatory data privacy training operates; AI-specific data governance is not separately detailed. | G11: printed p.35 | I11: Verified against source
A12: AI | B12: AIG-09 | C12: Lifecycle & Data | D12: AI impact assessment on customers / individuals. | E12: 2 | F12: AI is used to deliver better customer outcomes and Consumer Duty applies; a formal AI impact assessment is not disclosed. | G12: printed p.46 | I12: Verified against source
A13: AI | B13: AIG-10 | C13: Transparency & Trustworthiness | D13: Fairness and harmful-bias management. | E13: 2 | F13: AI fairness/bias management is not explicitly disclosed. | G13: — | I13: Verified against source
A14: AI | B14: AIG-11 | C14: Transparency & Trustworthiness | D14: Transparency and explainability to users / affected parties. | E14: 2 | F14: AI transparency/explainability is not explicitly disclosed. | G14: — | I14: Verified against source
A15: AI | B15: AIG-12 | C15: Transparency & Trustworthiness | D15: Third-party / vendor AI risk governance. | E15: 2 | F15: Third-party risk management operates; AI-specific vendor governance is not separately disclosed. | G15: printed p.71 | I15: Verified against source
A16: AI | B16: AIG-13 | C16: Assurance & Improvement | D16: Monitoring and measurement of AI performance and controls. | E16: 3 | F16: The AI Governance Program matures the AI risk posture and model monitoring operates under the SS1/23-aligned framework. | G16: printed p.46, 70 | I16: Verified against source
... A26: CYBER | B26: CYG-08 | C26: Protection & Resilience | D26: Data security (confidentiality, integrity, availability). | E26: 3 | F26: Cyber recovery and an information-security risk appetite operate; detailed CIA controls are not separately set out. | G26: printed p.45, 75 | I26: Verified against source
A27: CYBER | B27: CYG-09 | C27: Protection & Resilience | D27: Operational resilience / ICT continuity. | E27: 4 | F27: Operational resilience regulatory expectations were met: important business services identified, controls strengthened, testing completed and cyber recovery demonstrated. | G27: printed p.45 | H27: Op resilience regulatory expectations met. | I27: Verified against source
A28: CYBER | B28: CYG-10 | C28: Detection & Response | D28: Continuous monitoring / threat detection. | E28: 2 | F28: Continuous monitoring / threat detection is not separately detailed. | G28: — | I28: Verified against source
A29: CYBER | B29: CYG-11 | C29: Detection & Response | D29: Incident response and management. | E29: 3 | F29: Cyber recovery capabilities are demonstrated and the Group is preparing for operational incident reporting rules. | G29: printed p.45 | I29: Verified against source
A30: CYBER | B30: CYG-12 | C30: Detection & Response | D30: Threat-led penetration / resilience testing. | E30: 1 | F30: Threat-led penetration testing is not disclosed. | G30: — | I30: Verified against source
A31: CYBER | B31: CYG-13 | C31: Assurance & Improvement | D31: Security monitoring metrics and board reporting. | E31: 3 | F31: A committee oversees cyber risk appetite with reporting; specific security metrics are not separately detailed. | G31: printed p.75 | I31: Verified against source
A32: CYBER | B32: CYG-14 | C32: Assurance & Improvement | D32: Security awareness and training. | E32: 2 | F32: Mandatory training includes data privacy; cyber-specific security training is not separately detailed. | G32: printed p.35 | I32: Verified against source
A33: CYBER | B33: CYG-15 | C33: Assurance & Improvement | D33: Independent assurance / audit / management review. | E33: 4 | F33: Group Internal Audit (third line) provides independent assurance over risk management and internal control. | G33: printed p.41 | I33: Verified against source
A34: INT | B34: INT-01 | C34: Leadership & Accountability | D34: A single committee / board body owns BOTH AI and cyber. | E34: 2 | F34: A committee oversees information security/cyber and a separate AI Governance Program oversees AI; no single body owns both. | G34: printed p.46, 75 | I34: Verified against source
A35: INT | B35: INT-02 | C35: Leadership & Accountability | D35: CISO remit explicitly includes AI / joint accountability. | E35: 2 | F35: No CISO is named and AI is overseen by a separate AI Governance Program. | G35: printed p.46 | I35: Verified against source
A36: INT | B36: INT-03 | C36: Leadership & Accountability | D36: Board reporting presents AI and cyber risk together. | E36: 2 | F36: AI risk and cyber risk are overseen separately; they are not presented together. | G36: printed p.46, 75 | I36: Verified against source
A37: INT | B37: INT-04 | C37: Risk Management | D37: AI risk recorded in the enterprise / cyber risk register. | E37: 3 | F37: AI risk is a recognised risk with proportionate second-line oversight within the risk framework. | G37: printed p.46 | I37: Verified against source
A38: INT | B38: INT-05 | C38: Risk Management | D38: Shared risk taxonomy across AI and cyber. | E38: 2 | F38: A shared AI-cyber risk taxonomy is not disclosed. | G38: — | I38: Verified against source
A39: INT | B39: INT-06 | C39: Risk Management | D39: AI sits within BOTH the model-risk and cyber-risk frameworks. | E39: 2 | F39: AI is governed via the AI Governance Program and model risk via the SS1/23-aligned framework; AI within both is not explicit. | G39: printed p.46, 70 | I39: Verified against source
... A48: INT | B48: INT-15 | C48: Assurance & Improvement | D48: Board links AI strategy to cyber resilience. | E48: 2 | F48: An explicit board-level link between AI strategy and cyber resilience is not articulated. | G48: — | I48: Verified against source
A50: SUMMARY
A51: AI governance — mean maturity | B51: =IFERROR(AVERAGE(E4,E5,E6,E7,E8,E9,E10,E11,E12,E13,E14,E15,E16,E17,E18),"") -> 2.6 | I51: Verified against source
A52: Cyber governance — mean maturity | B52: =IFERROR(AVERAGE(E19,E20,E21,E22,E23,E24,E25,E26,E27,E28,E29,E30,E31,E32,E33),"") -> 2.7333333 | I52: Verified against source
A53: Integration — mean linkage | B53: =IFERROR(AVERAGE(E34,E35,E36,E37,E38,E39,E40,E41,E42,E43,E44,E45,E46,E47,E48),"") -> 2.0666667 | I53: Verified against source
A54: AI–cyber maturity gap (cyber − AI) | B54: =IFERROR(B52-B51,"") -> 0.13333333 | I54: Verified against source
A56: Shared-dimension comparison (comparable axes only — dims 1, 2, 5)
A57: Dimension | B57: AI mean | C57: Cyber mean | D57: Gap | E57: Integration mean | I57: Verified against source
A58: 1 Leadership & Accountability | B58: =IFERROR(AVERAGE(E4,E5,E6),"") -> 3 | C58: =IFERROR(AVERAGE(E19,E20,E21),"") -> 3.3333333 | D58: =IFERROR(C58-B58,"") -> 0.33333333 | E58: =IFERROR(AVERAGE(E34,E35,E36),"") -> 2 | I58: Verified against source
A59: 2 Risk Management | B59: =IFERROR(AVERAGE(E7,E8,E9),"") -> 3 | C59: =IFERROR(AVERAGE(E22,E23,E24),"") -> 2.6666667 | D59: =IFERROR(C59-B59,"") -> -0.33333333 | E59: =IFERROR(AVERAGE(E37,E38,E39),"") -> 2.3333333 | I59: Verified against source
A60: 5 Assurance & Improvement | B60: =IFERROR(AVERAGE(E16,E17,E18),"") -> 2.6666667 | C60: =IFERROR(AVERAGE(E31,E32,E33),"") -> 3 | D60: =IFERROR(C60-B60,"") -> 0.33333333 | E60: =IFERROR(AVERAGE(E46,E47,E48),"") -> 2.3333333 | I60: Verified against source
A63: Lifecycle & Data | E63: =IFERROR(ROUND(AVERAGE(E40:E42),2),"") -> 2.33
A64: Detect & Response | E64: =IFERROR(ROUND(AVERAGE(E43:E45),2),"") -> 1.33

Sheet Prudential
A1: Firm: | E1: Sub-sector: | H1: Date | I1: PAGE OFFSET -1
B2: Prudential plc | F2: Insurance
A3: Pillar | B3: ID | C3: Dimension | D3: Indicator | E3: Score 1–5 | F3: Evidence summary | G3: Page ref | H3: Notes | I3: Verification status
A4: AI | B4: AIG-01 | C4: Leadership & Accountability | D4: Board / top-management-approved responsible-AI policy or principles. | E4: 4 | F4: Prudential applies published AI Ethics Principles to all AI use, covering both its own and third-party AI solutions. | G4: printed p.66 | H4: Published AI Ethics Principles (own + third-party). | I4: Verified against source
A5: AI | B5: AIG-02 | C5: Leadership & Accountability | D5: Board / committee oversight of AI with a named senior owner (e.g. CAIO or accountable executive). | E5: 3 | F5: AI systems are evaluated via appropriate governance channels for ethical considerations; the Risk Committee leads risk governance. No named Chief AI Officer disclosed. | G5: printed p.56, 66 | I5: Verified against source
A6: AI | B6: AIG-03 | C6: Leadership & Accountability | D6: Defined AI roles, responsibilities and competence / resourcing. | E6: 3 | F6: AI is deployed across customer touchpoints (e.g. AI-enabled claims adjudication); AI-specific roles/training are not separately detailed. | G6: printed p.31, 66 | I6: Verified against source
A7: AI | B7: AIG-04 | C7: Risk Management | D7: Documented AI risk assessment process and stated AI risk appetite / tolerance. | E7: 3 | F7: AI risks are addressed within technology risk management and via the AI Ethics Principles evaluation governance. | G7: printed p.65, 66 | I7: Verified against source
A8: AI | B8: AIG-05 | C8: Risk Management | D8: AI/ML brought within the firm's model risk management framework. | E8: 3 | F8: Model risk is a principal risk and the GIECA internal model operates with controls on model changes; AI being explicitly within model risk is not stated. | G8: printed p.57, 68 | I8: Verified against source
A9: AI | B9: AIG-06 | C9: Risk Management | D9: AI system / model inventory maintained. | E9: 3 | F9: The GIECA internal model is maintained with robust controls on model changes; an AI inventory is not separately named. | G9: printed p.57 | I9: Verified against source
A10: AI | B10: AIG-07 | C10: Lifecycle & Data | D10: Responsible-AI lifecycle controls (development → validation/V&V → operation). | E10: 3 | F10: Every AI system is evaluated via governance channels for ethical considerations; detailed lifecycle controls are not separately set out. | G10: printed p.66 | I10: Verified against source
A11: AI | B11: AIG-08 | C11: Lifecycle & Data | D11: Data governance for AI (data quality, provenance, lineage). | E11: 3 | F11: A Group Data Governance Policy, Group Privacy Policy and privacy-by-design / data-minimisation principles govern data used by AI. | G11: printed p.66 | I11: Verified against source
A12: AI | B12: AIG-09 | C12: Lifecycle & Data | D12: AI impact assessment on customers / individuals. | E12: 3 | F12: AI-enabled customer services are evaluated for ethical considerations and customer-centricity; a formal AI impact assessment is not separately detailed. | G12: printed p.31, 66 | I12: Verified against source
A13: AI | B13: AIG-10 | C13: Transparency & Trustworthiness | D13: Fairness and harmful-bias management. | E13: 3 | F13: AI Ethics Principles require ethical, socially responsible AI; explicit bias-testing metrics are not disclosed. | G13: printed p.66 | I13: Verified against source
A14: AI | B14: AIG-11 | C14: Transparency & Trustworthiness | D14: Transparency and explainability to users / affected parties. | E14: 2 | F14: AI Ethics Principles govern AI use; AI explainability is not explicitly addressed. | G14: printed p.66 | I14: Verified against source
A15: AI | B15: AIG-12 | C15: Transparency & Trustworthiness | D15: Third-party / vendor AI risk governance. | E15: 4 | F15: AI Ethics Principles explicitly apply to third-party AI solutions, evaluated via governance channels; a third-party risk programme operates. | G15: printed p.65, 66 | I15: Verified against source
A16: AI | B16: AIG-13 | C16: Assurance & Improvement | D16: Monitoring and measurement of AI performance and controls. | E16: 3 | F16: AI systems are evaluated via governance channels and technology risk is monitored and reported to the Risk Committee. | G16: printed p.65, 66 | I16: Verified against source
... A27: CYBER | B27: CYG-09 | C27: Protection & Resilience | D27: Operational resilience / ICT continuity. | E27: 4 | F27: Operational resilience is a principal risk with reliance on third-party operational resilience actively managed. | G27: printed p.57, 65 | I27: Verified against source
A28: CYBER | B28: CYG-10 | C28: Detection & Response | D28: Continuous monitoring / threat detection. | E28: 4 | F28: A Global Integrated Command Centre provides Group-wide monitoring, detection and incident management. | G28: printed p.65 | H28: Global Integrated Command Centre (monitoring/detection). | I28: MANUAL CHECK — evidence not confirmed by keyword search
A29: CYBER | B29: CYG-11 | C29: Detection & Response | D29: Incident response and management. | E29: 4 | F29: Periodic cyber incident-response drills run and the Global Integrated Command Centre handles incident management. | G29: printed p.65 | I29: Verified against source
A30: CYBER | B30: CYG-12 | C30: Detection & Response | D30: Threat-led penetration / resilience testing. | E30: 1 | F30: Threat-led penetration testing is not disclosed. | G30: — | I30: Verified against source
A31: CYBER | B31: CYG-13 | C31: Assurance & Improvement | D31: Security monitoring metrics and board reporting. | E31: 3 | F31: Material technology risks, including information security, are reported to the Risk Committee. | G31: printed p.65 | I31: Verified against source
A32: CYBER | B32: CYG-14 | C32: Assurance & Improvement | D32: Security awareness and training. | E32: 3 | F32: Regular phishing simulation exercises reinforce cyber risk awareness. | G32: printed p.65 | I32: Verified against source
A33: CYBER | B33: CYG-15 | C33: Assurance & Improvement | D33: Independent assurance / audit / management review. | E33: 4 | F33: Internal Audit (third line) provides independent assessment of control effectiveness over technology risk. | G33: printed p.65 | I33: Verified against source
A34: INT | B34: INT-01 | C34: Leadership & Accountability | D34: A single committee / board body owns BOTH AI and cyber. | E34: 2 | F34: Cyber/technology risk is overseen via the Risk Committee and AI via ethics governance channels; a single body owning both is not disclosed. | G34: printed p.56, 65, 66 | I34: Verified against source
A35: INT | B35: INT-02 | C35: Leadership & Accountability | D35: CISO remit explicitly includes AI / joint accountability. | E35: 2 | F35: No CISO is named; AI is governed via separate ethics governance channels. | G35: printed p.66 | I35: Verified against source
A36: INT | B36: INT-03 | C36: Leadership & Accountability | D36: Board reporting presents AI and cyber risk together. | E36: 3 | F36: Generative AI is explicitly noted as amplifying cyber adversary capability within the technology/cyber risk discussion, linking the two. | G36: printed p.65 | I36: Verified against source
A37: INT | B37: INT-04 | C37: Risk Management | D37: AI risk recorded in the enterprise / cyber risk register. | E37: 3 | F37: AI sits within technology risk and model risk within the enterprise risk framework. | G37: printed p.59, 65 | I37: Verified against source
A38: INT | B38: INT-05 | C38: Risk Management | D38: Shared risk taxonomy across AI and cyber. | E38: 2 | F38: A shared AI-cyber risk taxonomy is not disclosed. | G38: — | I38: Verified against source
A39: INT | B39: INT-06 | C39: Risk Management | D39: AI sits within BOTH the model-risk and cyber-risk frameworks. | E39: 2 | F39: AI is governed via ethics principles and model risk is a separate principal risk; AI within both is not explicit. | G39: printed p.66, 68 | I39: Verified against source
A40: INT | B40: INT-07 | C40: Lifecycle & Data | D40: Cyber controls embedded in the AI lifecycle. | E40: 2 | F40: AI is described as needing to be secure; cyber controls embedded in the AI lifecycle are not explicitly disclosed. | G40: printed p.66 | I40: Verified against source
... A48: INT | B48: INT-15 | C48: Assurance & Improvement | D48: Board links AI strategy to cyber resilience. | E48: 3 | F48: AI is to be scaled responsibly within robust cybersecurity, data protection and ethical governance frameworks, linking AI scaling to cyber. | G48: printed p.10 | I48: Verified against source
A50: SUMMARY
A51: AI governance — mean maturity | B51: =IFERROR(AVERAGE(E4,E5,E6,E7,E8,E9,E10,E11,E12,E13,E14,E15,E16,E17,E18),"") -> 3 | I51: Verified against source
A52: Cyber governance — mean maturity | B52: =IFERROR(AVERAGE(E19,E20,E21,E22,E23,E24,E25,E26,E27,E28,E29,E30,E31,E32,E33),"") -> 3.2 | I52: Verified against source
A53: Integration — mean linkage | B53: =IFERROR(AVERAGE(E34,E35,E36,E37,E38,E39,E40,E41,E42,E43,E44,E45,E46,E47,E48),"") -> 2.4666667 | I53: Verified against source
A54: AI–cyber maturity gap (cyber − AI) | B54: =IFERROR(B52-B51,"") -> 0.2 | I54: Verified against source
A56: Shared-dimension comparison (comparable axes only — dims 1, 2, 5)
A57: Dimension | B57: AI mean | C57: Cyber mean | D57: Gap | E57: Integration mean | I57: Verified against source
A58: 1 Leadership & Accountability | B58: =IFERROR(AVERAGE(E4,E5,E6),"") -> 3.3333333 | C58: =IFERROR(AVERAGE(E19,E20,E21),"") -> 3.6666667 | D58: =IFERROR(C58-B58,"") -> 0.33333333 | E58: =IFERROR(AVERAGE(E34,E35,E36),"") -> 2.3333333 | I58: Verified against source
A59: 2 Risk Management | B59: =IFERROR(AVERAGE(E7,E8,E9),"") -> 3 | C59: =IFERROR(AVERAGE(E22,E23,E24),"") -> 2.6666667 | D59: =IFERROR(C59-B59,"") -> -0.33333333 | E59: =IFERROR(AVERAGE(E37,E38,E39),"") -> 2.3333333 | I59: Verified against source
A60: 5 Assurance & Improvement | B60: =IFERROR(AVERAGE(E16,E17,E18),"") -> 2.6666667 | C60: =IFERROR(AVERAGE(E31,E32,E33),"") -> 3.3333333 | D60: =IFERROR(C60-B60,"") -> 0.66666667 | E60: =IFERROR(AVERAGE(E46,E47,E48),"") -> 2.6666667 | I60: Verified against source
A63: Lifecycle & Data | E63: =IFERROR(ROUND(AVERAGE(E40:E42),2),"") -> 2.67
A64: Detect & Response | E64: =IFERROR(ROUND(AVERAGE(E43:E45),2),"") -> 2.33

Sheet 3i
A1: Firm: | E1: Sub-sector: | H1: Date | I1: PAGE OFFSET -1
B2: 3i Group plc | F2: Asset Management
A3: Pillar | B3: ID | C3: Dimension | D3: Indicator | E3: Score 1–5 | F3: Evidence summary | G3: Page ref | H3: Notes | I3: Verification status
A4: AI | B4: AIG-01 | C4: Leadership & Accountability | D4: Board / top-management-approved responsible-AI policy or principles. | E4: 2 | F4: The use of AI tools is reviewed by the Group Risk Committee within the IT framework; no responsible-AI policy or ethics framework is disclosed. | G4: printed p.83 | I4: Verified against source
A5: AI | B5: AIG-02 | C5: Leadership & Accountability | D5: Board / committee oversight of AI with a named senior owner (e.g. CAIO or accountable executive). | E5: 2 | F5: The Group Risk Committee reviews the use of AI tools as part of IT-framework oversight; no dedicated AI governance body or named owner is disclosed. | G5: printed p.83 | I5: Verified against source
A6: AI | B6: AIG-03 | C6: Leadership & Accountability | D6: Defined AI roles, responsibilities and competence / resourcing. | E6: 1 | F6: AI-specific roles, competence or training are not disclosed. | G6: — | I6: Verified against source
A7: AI | B7: AIG-04 | C7: Risk Management | D7: Documented AI risk assessment process and stated AI risk appetite / tolerance. | E7: 2 | F7: AI tools are considered within IT-framework risk oversight; a documented AI risk assessment process or appetite is not disclosed. | G7: printed p.83 | I7: Verified against source
A8: AI | B8: AIG-05 | C8: Risk Management | D8: AI/ML brought within the firm's model risk management framework. | E8: 1 | F8: 3i is an investment company; a model risk management framework covering AI/ML is not disclosed. | G8: — | I8: Verified against source
A9: AI | B9: AIG-06 | C9: Risk Management | D9: AI system / model inventory maintained. | E9: 1 | F9: An AI system/model inventory is not disclosed. | G9: — | I9: Verified against source
A10: AI | B10: AIG-07 | C10: Lifecycle & Data | D10: Responsible-AI lifecycle controls (development → validation/V&V → operation). | E10: 1 | F10: Responsible-AI lifecycle controls are not disclosed. | G10: — | I10: Verified against source
A11: AI | B11: AIG-08 | C11: Lifecycle & Data | D11: Data governance for AI (data quality, provenance, lineage). | E11: 1 | F11: AI-specific data governance is not disclosed. | G11: — | I11: Verified against source
A12: AI | B12: AIG-09 | C12: Lifecycle & Data | D12: AI impact assessment on customers / individuals. | E12: 1 | F12: An AI impact assessment on customers is not disclosed. | G12: — | I12: Verified against source
A13: AI | B13: AIG-10 | C13: Transparency & Trustworthiness | D13: Fairness and harmful-bias management. | E13: 1 | F13: AI fairness/bias management is not disclosed. | G13: — | I13: Verified against source
A14: AI | B14: AIG-11 | C14: Transparency & Trustworthiness | D14: Transparency and explainability to users / affected parties. | E14: 1 | F14: AI transparency/explainability is not disclosed. | G14: — | I14: Verified against source
A15: AI | B15: AIG-12 | C15: Transparency & Trustworthiness | D15: Third-party / vendor AI risk governance. | E15: 2 | F15: Third-party IT supplier risk is managed; AI-specific vendor governance is not disclosed. | G15: printed p.93 | I15: Verified against source
... A48: INT | B48: INT-15 | C48: Assurance & Improvement | D48: Board links AI strategy to cyber resilience. | E48: 2 | F48: AI tools and cyber/IT resilience are both within IT-framework oversight; an explicit board-level AI-strategy-to-cyber link is not articulated. | G48: printed p.83 | I48: Verified against source
A50: SUMMARY
A51: AI governance — mean maturity | B51: =IFERROR(AVERAGE(E4,E5,E6,E7,E8,E9,E10,E11,E12,E13,E14,E15,E16,E17,E18),"") -> 1.2666667 | I51: Verified against source
A52: Cyber governance — mean maturity | B52: =IFERROR(AVERAGE(E19,E20,E21,E22,E23,E24,E25,E26,E27,E28,E29,E30,E31,E32,E33),"") -> 2.7333333 | I52: Verified against source
A53: Integration — mean linkage | B53: =IFERROR(AVERAGE(E34,E35,E36,E37,E38,E39,E40,E41,E42,E43,E44,E45,E46,E47,E48),"") -> 1.4666667 | I53: Verified against source
A54: AI–cyber maturity gap (cyber − AI) | B54: =IFERROR(B52-B51,"") -> 1.4666667 | I54: Verified against source
A56: Shared-dimension comparison (comparable axes only — dims 1, 2, 5)
A57: Dimension | B57: AI mean | C57: Cyber mean | D57: Gap | E57: Integration mean | I57: Verified against source
A58: 1 Leadership & Accountability | B58: =IFERROR(AVERAGE(E4,E5,E6),"") -> 1.6666667 | C58: =IFERROR(AVERAGE(E19,E20,E21),"") -> 3 | D58: =IFERROR(C58-B58,"") -> 1.3333333 | E58: =IFERROR(AVERAGE(E34,E35,E36),"") -> 2 | I58: Verified against source
A59: 2 Risk Management | B59: =IFERROR(AVERAGE(E7,E8,E9),"") -> 1.3333333 | C59: =IFERROR(AVERAGE(E22,E23,E24),"") -> 2.3333333 | D59: =IFERROR(C59-B59,"") -> 1 | E59: =IFERROR(AVERAGE(E37,E38,E39),"") -> 1.3333333 | I59: Verified against source
A60: 5 Assurance & Improvement | B60: =IFERROR(AVERAGE(E16,E17,E18),"") -> 1 | C60: =IFERROR(AVERAGE(E31,E32,E33),"") -> 2.6666667 | D60: =IFERROR(C60-B60,"") -> 1.6666667 | E60: =IFERROR(AVERAGE(E46,E47,E48),"") -> 1.6666667 | I60: Verified against source
A63: Lifecycle & Data | E63: =IFERROR(ROUND(AVERAGE(E40:E42),2),"") -> 1
A64: Detect & Response | E64: =IFERROR(ROUND(AVERAGE(E43:E45),2),"") -> 1.33

Sheet MG
A1: Firm: | E1: Sub-sector: | H1: Date | I1: PAGE OFFSET -1
B2: M&G plc | F2: Asset Management
A3: Pillar | B3: ID | C3: Dimension | D3: Indicator | E3: Score 1–5 | F3: Evidence summary | G3: Page ref | H3: Notes | I3: Verification status
A4: AI | B4: AIG-01 | C4: Leadership & Accountability | D4: Board / top-management-approved responsible-AI policy or principles. | E4: 3 | F4: M&G adopts AI in a considered manner, supported by an AI framework, governance structures, oversight and training. | G4: printed p.46 | H4: AI framework + governance structures disclosed. | I4: Verified against source
A5: AI | B5: AIG-02 | C5: Leadership & Accountability | D5: Board / committee oversight of AI with a named senior owner (e.g. CAIO or accountable executive). | E5: 3 | F5: AI adoption is supported by governance structures and oversight, with operational-risk reporting to Executive and Board Risk Committees. No named Chief AI Officer disclosed. | G5: printed p.46 | I5: Verified against source
A6: AI | B6: AIG-03 | C6: Leadership & Accountability | D6: Defined AI roles, responsibilities and competence / resourcing. | E6: 3 | F6: AI adoption is supported by training as part of the AI framework. | G6: printed p.46 | I6: Verified against source
A7: AI | B7: AIG-04 | C7: Risk Management | D7: Documented AI risk assessment process and stated AI risk appetite / tolerance. | E7: 3 | F7: AI risks are recognised and managed within the AI framework and the Risk Management Framework under Board-approved appetite. | G7: printed p.41, 46 | I7: Verified against source
A8: AI | B8: AIG-05 | C8: Risk Management | D8: AI/ML brought within the firm's model risk management framework. | E8: 2 | F8: A model risk management framework explicitly covering AI/ML is not disclosed. | G8: — | I8: Verified against source
A9: AI | B9: AIG-06 | C9: Risk Management | D9: AI system / model inventory maintained. | E9: 2 | F9: An AI system/model inventory is not disclosed. | G9: — | I9: Verified against source
A10: AI | B10: AIG-07 | C10: Lifecycle & Data | D10: Responsible-AI lifecycle controls (development → validation/V&V → operation). | E10: 2 | F10: AI is adopted in a considered manner with oversight; detailed responsible-AI lifecycle controls are not set out. | G10: printed p.46 | I10: Verified against source
A11: AI | B11: AIG-08 | C11: Lifecycle & Data | D11: Data governance for AI (data quality, provenance, lineage). | E11: 2 | F11: Data is a defined operational risk with specific policies; AI-specific data governance is not separately detailed. | G11: printed p.46 | I11: Verified against source
A12: AI | B12: AIG-09 | C12: Lifecycle & Data | D12: AI impact assessment on customers / individuals. | E12: 2 | F12: Consumer Duty governs customer outcomes; a formal AI impact assessment is not disclosed. | G12: printed p.36 | I12: Verified against source
A13: AI | B13: AIG-10 | C13: Transparency & Trustworthiness | D13: Fairness and harmful-bias management. | E13: 2 | F13: AI fairness/bias management is not explicitly disclosed. | G13: — | I13: Verified against source
A14: AI | B14: AIG-11 | C14: Transparency & Trustworthiness | D14: Transparency and explainability to users / affected parties. | E14: 2 | F14: AI transparency/explainability is not explicitly disclosed. | G14: — | I14: Verified against source
A15: AI | B15: AIG-12 | C15: Transparency & Trustworthiness | D15: Third-party / vendor AI risk governance. | E15: 2 | F15: Outsourcing/third-party supplier risk is managed; AI-specific vendor governance is not separately disclosed. | G15: printed p.46 | I15: Verified against source
A16: AI | B16: AIG-13 | C16: Assurance & Improvement | D16: Monitoring and measurement of AI performance and controls. | E16: 2 | F16: AI oversight is referenced within the AI framework; monitoring/measurement of AI performance is not detailed. | G16: printed p.46 | I16: Verified against source
... A48: INT | B48: INT-15 | C48: Assurance & Improvement | D48: Board links AI strategy to cyber resilience. | E48: 2 | F48: AI and cyber both feature in risk reporting; an explicit board-level AI-strategy-to-cyber-resilience link is not articulated. | G48: printed p.46 | I48: Verified against source
A50: SUMMARY
A51: AI governance — mean maturity | B51: =IFERROR(AVERAGE(E4,E5,E6,E7,E8,E9,E10,E11,E12,E13,E14,E15,E16,E17,E18),"") -> 2.3333333 | I51: Verified against source
A52: Cyber governance — mean maturity | B52: =IFERROR(AVERAGE(E19,E20,E21,E22,E23,E24,E25,E26,E27,E28,E29,E30,E31,E32,E33),"") -> 2.4666667 | I52: Verified against source
A53: Integration — mean linkage | B53: =IFERROR(AVERAGE(E34,E35,E36,E37,E38,E39,E40,E41,E42,E43,E44,E45,E46,E47,E48),"") -> 1.9333333 | I53: Verified against source
A54: AI–cyber maturity gap (cyber − AI) | B54: =IFERROR(B52-B51,"") -> 0.13333333 | I54: Verified against source
A56: Shared-dimension comparison (comparable axes only — dims 1, 2, 5)
A57: Dimension | B57: AI mean | C57: Cyber mean | D57: Gap | E57: Integration mean | I57: Verified against source
A58: 1 Leadership & Accountability | B58: =IFERROR(AVERAGE(E4,E5,E6),"") -> 3 | C58: =IFERROR(AVERAGE(E19,E20,E21),"") -> 3 | D58: =IFERROR(C58-B58,"") -> 0 | E58: =IFERROR(AVERAGE(E34,E35,E36),"") -> 2 | I58: Verified against source
A59: 2 Risk Management | B59: =IFERROR(AVERAGE(E7,E8,E9),"") -> 2.3333333 | C59: =IFERROR(AVERAGE(E22,E23,E24),"") -> 2.3333333 | D59: =IFERROR(C59-B59,"") -> 0 | E59: =IFERROR(AVERAGE(E37,E38,E39),"") -> 2 | I59: Verified against source
A60: 5 Assurance & Improvement | B60: =IFERROR(AVERAGE(E16,E17,E18),"") -> 2.3333333 | C60: =IFERROR(AVERAGE(E31,E32,E33),"") -> 2.6666667 | D60: =IFERROR(C60-B60,"") -> 0.33333333 | E60: =IFERROR(AVERAGE(E46,E47,E48),"") -> 2 | I60: Verified against source
A63: Lifecycle & Data | E63: =IFERROR(ROUND(AVERAGE(E40:E42),2),"") -> 2.33
A64: Detect & Response | E64: =IFERROR(ROUND(AVERAGE(E43:E45),2),"") -> 1.33

Sheet Schroders
A1: Firm: | E1: Sub-sector: | H1: Date | I1: PAGE OFFSET -1
B2: Schroders plc | F2: Asset Management
A3: Pillar | B3: ID | C3: Dimension | D3: Indicator | E3: Score 1–5 | F3: Evidence summary | G3: Page ref | H3: Notes | I3: Verification status
A4: AI | B4: AIG-01 | C4: Leadership & Accountability | D4: Board / top-management-approved responsible-AI policy or principles. | E4: 4 | F4: A Responsible AI Committee (a sub-committee of the Group Risk Committee) provides guidance on and oversight of AI use across the firm. | G4: printed p.26, 29 | H4: Responsible AI Committee (sub-committee of GRC). | I4: Verified against source
A5: AI | B5: AIG-02 | C5: Leadership & Accountability | D5: Board / committee oversight of AI with a named senior owner (e.g. CAIO or accountable executive). | E5: 4 | F5: A Responsible AI Committee oversees AI use firm-wide and reports into the Group Risk Committee with clear accountability and escalation. No named Chief AI Officer disclosed. | G5: printed p.26, 29 | I5: Verified against source
A6: AI | B6: AIG-03 | C6: Leadership & Accountability | D6: Defined AI roles, responsibilities and competence / resourcing. | E6: 3 | F6: AI is used within Risk and Compliance and overseen by the Responsible AI Committee; AI-specific training is not separately detailed. | G6: printed p.26 | I6: Verified against source
A7: AI | B7: AIG-04 | C7: Risk Management | D7: Documented AI risk assessment process and stated AI risk appetite / tolerance. | E7: 3 | F7: AI risks are controlled and overseen by the Responsible AI Committee within the risk management framework. | G7: printed p.26, 29 | I7: Verified against source
A8: AI | B8: AIG-05 | C8: Risk Management | D8: AI/ML brought within the firm's model risk management framework. | E8: 2 | F8: A model risk management framework explicitly covering AI/ML is not disclosed. | G8: — | I8: MANUAL CHECK — evidence not confirmed by keyword search
A9: AI | B9: AIG-06 | C9: Risk Management | D9: AI system / model inventory maintained. | E9: 2 | F9: An AI system/model inventory is not disclosed. | G9: — | I9: Verified against source
A10: AI | B10: AIG-07 | C10: Lifecycle & Data | D10: Responsible-AI lifecycle controls (development → validation/V&V → operation). | E10: 3 | F10: The Responsible AI Committee provides oversight of AI use across the firm; detailed lifecycle controls are not separately set out. | G10: printed p.26, 29 | I10: Verified against source
A11: AI | B11: AIG-08 | C11: Lifecycle & Data | D11: Data governance for AI (data quality, provenance, lineage). | E11: 3 | F11: AI is applied to risk/compliance using a data-driven approach; information-security data governance applies, though AI-specific data governance is not separately detailed. | G11: printed p.26 | I11: Verified against source
A12: AI | B12: AIG-09 | C12: Lifecycle & Data | D12: AI impact assessment on customers / individuals. | E12: 2 | F12: Consumer Duty governs customer outcomes; a formal AI impact assessment is not disclosed. | G12: printed p.33 | I12: Verified against source
A13: AI | B13: AIG-10 | C13: Transparency & Trustworthiness | D13: Fairness and harmful-bias management. | E13: 3 | F13: The Responsible AI Committee oversees AI risks across the firm; explicit bias-testing metrics are not disclosed. | G13: printed p.26 | I13: Verified against source
A14: AI | B14: AIG-11 | C14: Transparency & Trustworthiness | D14: Transparency and explainability to users / affected parties. | E14: 2 | F14: AI use is overseen by the Responsible AI Committee; AI explainability is not explicitly addressed. | G14: printed p.26 | I14: Verified against source
A15: AI | B15: AIG-12 | C15: Transparency & Trustworthiness | D15: Third-party / vendor AI risk governance. | E15: 3 | F15: Critical third parties' capabilities are overseen within the Information Security framework; AI-specific vendor governance is not separately disclosed. | G15: printed p.29 | I15: Verified against source
A16: AI | B16: AIG-13 | C16: Assurance & Improvement | D16: Monitoring and measurement of AI performance and controls. | E16: 3 | F16: The Responsible AI Committee provides ongoing oversight of AI use; AI-specific performance metrics are not separately detailed. | G16: printed p.26, 29 | I16: Verified against source
... A18: AI | B18: AIG-15 | C18: Assurance & Improvement | D18: Independent assurance / audit / management review of AI governance. | E18: 3 | F18: Internal Audit (third line) provides independent assurance over the control environment; AI oversight sits with the Responsible AI Committee. | G18: printed p.25 | I18: Verified against source
A19: CYBER | B19: CYG-01 | C19: Leadership & Accountability | D19: Board-approved cybersecurity / information-security policy. | E19: 4 | F19: A dedicated Information Security function operates an Information Security Risk framework with cyber risk metrics aligned to the NIST Cybersecurity Framework. | G19: printed p.29 | H19: Cyber metrics aligned to NIST CSF (RQ3). | I19: Verified against source
A20: CYBER | B20: CYG-02 | C20: Leadership & Accountability | D20: Board oversight of cyber risk with a named senior owner (CISO). | E20: 4 | F20: A named Chief Information Security Officer provides updates to the Board and an Information Security Risk Oversight Committee oversees cyber risk. | G20: printed p.26, 55 | I20: Verified against source
A21: CYBER | B21: CYG-03 | C21: Leadership & Accountability | D21: Cyber risk embedded in enterprise risk-management strategy. | E21: 4 | F21: Information security risk is overseen across second and third lines within a three-lines-of-defence model and reported to the Group Risk Committee. | G21: printed p.29, 133 | I21: Verified against source
A22: CYBER | B22: CYG-04 | C22: Risk Management | D22: Documented cyber risk assessment and stated risk appetite. | E22: 4 | F22: Cyber risk metrics are monitored against risk appetite, aligned to the NIST Cybersecurity Framework. | G22: printed p.27, 29 | I22: Verified against source
A23: CYBER | B23: CYG-05 | C23: Risk Management | D23: Asset inventory / asset management. | E23: 2 | F23: An asset inventory / asset-management capability is not separately disclosed. | G23: — | I23: Verified against source
A24: CYBER | B24: CYG-06 | C24: Risk Management | D24: Supply-chain / third-party cyber risk governance. | E24: 4 | F24: The Information Security Risk framework includes oversight of critical third parties' cyber capabilities. | G24: printed p.29 | I24: Verified against source
A25: CYBER | B25: CYG-07 | C25: Protection & Resilience | D25: Access control and identity management. | E25: 2 | F25: Access control / identity management is not separately detailed. | G25: — | I25: Verified against source
A26: CYBER | B26: CYG-08 | C26: Protection & Resilience | D26: Data security (confidentiality, integrity, availability). | E26: 3 | F26: Information security risk (confidentiality, integrity, availability) is managed via the Information Security Risk framework. | G26: printed p.29 | I26: Verified against source
A27: CYBER | B27: CYG-09 | C27: Protection & Resilience | D27: Operational resilience / ICT continuity. | E27: 4 | F27: Operational resilience meets PRA, FCA and DORA deadlines with severe-but-plausible scenario testing, table-top exercises and simulations involving critical third parties. | G27: printed p.26 | I27: Verified against source
A28: CYBER | B28: CYG-10 | C28: Detection & Response | D28: Continuous monitoring / threat detection. | E28: 3 | F28: Cyber risk metrics are monitored under the NIST-aligned framework; a continuous-monitoring SOC is not separately detailed. | G28: printed p.29 | I28: Verified against source
A29: CYBER | B29: CYG-11 | C29: Detection & Response | D29: Incident response and management. | E29: 3 | F29: A global operational incident log is maintained and the Information Security Risk Oversight Committee manages cyber risk and escalation. | G29: printed p.29, 177 | I29: Verified against source
A30: CYBER | B30: CYG-12 | C30: Detection & Response | D30: Threat-led penetration / resilience testing. | E30: 2 | F30: An independent information security review was sponsored; threat-led penetration testing is not separately named. | G30: printed p.26 | I30: MANUAL CHECK — evidence not confirmed by keyword search
A31: CYBER | B31: CYG-13 | C31: Assurance & Improvement | D31: Security monitoring metrics and board reporting. | E31: 4 | F31: The CISO and CTO report cyber risk, threat landscape and strategy to the Board, with regular monitoring of cyber risk metrics. | G31: printed p.26, 55 | I31: Verified against source
... A33: CYBER | B33: CYG-15 | C33: Assurance & Improvement | D33: Independent assurance / audit / management review. | E33: 4 | F33: An independent information security review was undertaken and Internal Audit (third line) assures the control environment. | G33: printed p.25, 26 | I33: Verified against source
A34: INT | B34: INT-01 | C34: Leadership & Accountability | D34: A single committee / board body owns BOTH AI and cyber. | E34: 3 | F34: The Responsible AI Committee and the Information Security Risk Oversight Committee are both sub-committees of the Group Risk Committee, giving a common parent body over AI and cyber. | G34: printed p.25, 26 | H34: Both AI and cyber committees sit under the GRC. | I34: Verified against source
A35: INT | B35: INT-02 | C35: Leadership & Accountability | D35: CISO remit explicitly includes AI / joint accountability. | E35: 2 | F35: A CISO leads cyber and a Responsible AI Committee governs AI; the CISO remit is not stated to include AI. | G35: printed p.26, 55 | I35: Verified against source
A36: INT | B36: INT-03 | C36: Leadership & Accountability | D36: Board reporting presents AI and cyber risk together. | E36: 3 | F36: AI and cyber are both reported into the Group Risk Committee via their respective sub-committees, within the same risk-governance structure. | G36: printed p.25, 26 | I36: Verified against source
A37: INT | B37: INT-04 | C37: Risk Management | D37: AI risk recorded in the enterprise / cyber risk register. | E37: 3 | F37: AI risk (Responsible AI Committee) and information security risk both sit within the enterprise risk framework under the GRC. | G37: printed p.26, 29 | I37: Verified against source
A38: INT | B38: INT-05 | C38: Risk Management | D38: Shared risk taxonomy across AI and cyber. | E38: 2 | F38: A shared AI-cyber risk taxonomy is not disclosed. | G38: — | I38: Verified against source
A39: INT | B39: INT-06 | C39: Risk Management | D39: AI sits within BOTH the model-risk and cyber-risk frameworks. | E39: 2 | F39: AI is governed by the Responsible AI Committee and cyber by the Information Security framework; AI within both model-risk and cyber is not explicit. | G39: printed p.26, 29 | I39: Verified against source
A40: INT | B40: INT-07 | C40: Lifecycle & Data | D40: Cyber controls embedded in the AI lifecycle. | E40: 2 | F40: Cyber controls embedded in the AI lifecycle are not explicitly disclosed. | G40: — | I40: Verified against source
A41: INT | B41: INT-08 | C41: Lifecycle & Data | D41: AI-specific threats addressed (adversarial, poisoning, model exfiltration). | E41: 2 | F41: AI-specific threats (adversarial, poisoning, exfiltration) are not explicitly disclosed. | G41: — | I41: Verified against source
A42: INT | B42: INT-09 | C42: Lifecycle & Data | D42: Shared data governance across AI and security. | E42: 2 | F42: Information-security data governance and AI oversight operate; a shared AI-security data governance is not separately framed. | G42: printed p.29 | I42: Verified against source
A43: INT | B43: INT-10 | C43: Detection & Response | D43: AI incidents run through the cyber incident-response process. | E43: 1 | F43: AI incidents via the cyber incident-response process are not disclosed. | G43: — | I43: Verified against source
A44: INT | B44: INT-11 | C44: Detection & Response | D44: AI used within cyber operations (detection / SOC). | E44: 1 | F44: AI used within cyber operations is not disclosed. | G44: — | I44: Verified against source
A45: INT | B45: INT-12 | C45: Detection & Response | D45: Unified third-party assessment covering AI and ICT. | E45: 3 | F45: The Information Security framework oversees critical third parties' cyber capabilities; a unified AI+ICT third-party assessment is not separately disclosed. | G45: printed p.29 | I45: Verified against source
A46: INT | B46: INT-13 | C46: Assurance & Improvement | D46: Joint assurance / audit covering both domains. | E46: 3 | F46: Internal Audit and an independent information security review assure controls; AI oversight sits with the Responsible AI Committee — not a single joint AI-cyber assurance. | G46: printed p.25, 26 | I46: Verified against source
... A48: INT | B48: INT-15 | C48: Assurance & Improvement | D48: Board links AI strategy to cyber resilience. | E48: 2 | F48: AI and cyber both sit under the GRC; an explicit board-level AI-strategy-to-cyber-resilience link is not articulated. | G48: printed p.25 | I48: Verified against source
A50: SUMMARY
A51: AI governance — mean maturity | B51: =IFERROR(AVERAGE(E4,E5,E6,E7,E8,E9,E10,E11,E12,E13,E14,E15,E16,E17,E18),"") -> 2.8 | I51: Verified against source
A52: Cyber governance — mean maturity | B52: =IFERROR(AVERAGE(E19,E20,E21,E22,E23,E24,E25,E26,E27,E28,E29,E30,E31,E32,E33),"") -> 3.2666667 | I52: Verified against source
A53: Integration — mean linkage | B53: =IFERROR(AVERAGE(E34,E35,E36,E37,E38,E39,E40,E41,E42,E43,E44,E45,E46,E47,E48),"") -> 2.2666667 | I53: Verified against source
A54: AI–cyber maturity gap (cyber − AI) | B54: =IFERROR(B52-B51,"") -> 0.46666667 | I54: Verified against source
A56: Shared-dimension comparison (comparable axes only — dims 1, 2, 5)
A57: Dimension | B57: AI mean | C57: Cyber mean | D57: Gap | E57: Integration mean | I57: Verified against source
A58: 1 Leadership & Accountability | B58: =IFERROR(AVERAGE(E4,E5,E6),"") -> 3.6666667 | C58: =IFERROR(AVERAGE(E19,E20,E21),"") -> 4 | D58: =IFERROR(C58-B58,"") -> 0.33333333 | E58: =IFERROR(AVERAGE(E34,E35,E36),"") -> 2.6666667 | I58: Verified against source
A59: 2 Risk Management | B59: =IFERROR(AVERAGE(E7,E8,E9),"") -> 2.3333333 | C59: =IFERROR(AVERAGE(E22,E23,E24),"") -> 3.3333333 | D59: =IFERROR(C59-B59,"") -> 1 | E59: =IFERROR(AVERAGE(E37,E38,E39),"") -> 2.3333333 | I59: Verified against source
A60: 5 Assurance & Improvement | B60: =IFERROR(AVERAGE(E16,E17,E18),"") -> 2.6666667 | C60: =IFERROR(AVERAGE(E31,E32,E33),"") -> 3.3333333 | D60: =IFERROR(C60-B60,"") -> 0.66666667 | E60: =IFERROR(AVERAGE(E46,E47,E48),"") -> 2.6666667 | I60: Verified against source
A63: Lifecycle & Data | E63: =IFERROR(ROUND(AVERAGE(E40:E42),2),"") -> 2
A64: Detect & Response | E64: =IFERROR(ROUND(AVERAGE(E43:E45),2),"") -> 1.67

Sheet LSEG
A1: Firm: | E1: Sub-sector: | H1: Date | I1: PAGE OFFSET -1
B2: London Stock Exchange Group plc | F2: Financial Infrastructure
A3: Pillar | B3: ID | C3: Dimension | D3: Indicator | E3: Score 1–5 | F3: Evidence summary | G3: Page ref | H3: Notes | I3: Verification status
A4: AI | B4: AIG-01 | C4: Leadership & Accountability | D4: Board / top-management-approved responsible-AI policy or principles. | E4: 2 | F4: No dedicated responsible-AI policy or principles disclosed; AI is governed within the model risk policy. 'LSEG Everywhere' is an AI commercial strategy, not a governance framework. | G4: printed p.6, 54 | I4: MANUAL CHECK — evidence not confirmed by keyword search
A5: AI | B5: AIG-02 | C5: Leadership & Accountability | D5: Board / committee oversight of AI with a named senior owner (e.g. CAIO or accountable executive). | E5: 2 | F5: AI risk is overseen via the Model and Board Risk Committees within model risk; no AI-specific committee or named AI owner (e.g. CAIO) is disclosed. | G5: printed p.52, 54 | I5: Verified against source
A6: AI | B6: AIG-03 | C6: Leadership & Accountability | D6: Defined AI roles, responsibilities and competence / resourcing. | E6: 2 | F6: AI/LLM/ML research and engineering expertise exists; AI-specific governance roles or training are not disclosed. | G6: printed p.106 | I6: Verified against source
A7: AI | B7: AIG-04 | C7: Risk Management | D7: Documented AI risk assessment process and stated AI risk appetite / tolerance. | E7: 3 | F7: Generative/agentic AI risk (hallucinations, unpredictable behaviour) is identified within model risk and the ERMF risk appetite. | G7: printed p.52, 54 | I7: Verified against source
A8: AI | B8: AIG-05 | C8: Risk Management | D8: AI/ML brought within the firm's model risk management framework. | E8: 4 | F8: AI (incl. generative/agentic) is explicitly managed within a comprehensive model risk governance framework: a model risk policy, lifecycle controls and a centralised model management system. | G8: printed p.54 | H8: AI governed within comprehensive model risk framework. | I8: Verified against source
A9: AI | B9: AIG-06 | C9: Risk Management | D9: AI system / model inventory maintained. | E9: 4 | F9: A centralised model management system maintains the firm's models, including AI models. | G9: printed p.54 | I9: Verified against source
A10: AI | B10: AIG-07 | C10: Lifecycle & Data | D10: Responsible-AI lifecycle controls (development → validation/V&V → operation). | E10: 3 | F10: Model risk lifecycle controls apply to models including AI; AI-specific lifecycle controls beyond model risk are not separately detailed. | G10: printed p.54 | I10: Verified against source
A11: AI | B11: AIG-08 | C11: Lifecycle & Data | D11: Data governance for AI (data quality, provenance, lineage). | E11: 2 | F11: LSEG is a major data business, but AI-specific data governance is not separately framed. | G11: printed p.11 | I11: Verified against source
A12: AI | B12: AIG-09 | C12: Lifecycle & Data | D12: AI impact assessment on customers / individuals. | E12: 1 | F12: A formal AI impact assessment on customers/individuals is not disclosed. | G12: — | I12: Verified against source
A13: AI | B13: AIG-10 | C13: Transparency & Trustworthiness | D13: Fairness and harmful-bias management. | E13: 1 | F13: AI fairness/harmful-bias management is not disclosed. | G13: — | I13: Verified against source
A14: AI | B14: AIG-11 | C14: Transparency & Trustworthiness | D14: Transparency and explainability to users / affected parties. | E14: 1 | F14: AI transparency/explainability to users is not disclosed. | G14: — | I14: Verified against source
A15: AI | B15: AIG-12 | C15: Transparency & Trustworthiness | D15: Third-party / vendor AI risk governance. | E15: 2 | F15: Third-party suppliers are managed within risk appetite; AI-specific vendor governance is not separately disclosed. | G15: printed p.48 | I15: Verified against source
A16: AI | B16: AIG-13 | C16: Assurance & Improvement | D16: Monitoring and measurement of AI performance and controls. | E16: 3 | F16: Model monitoring within the model risk lifecycle covers AI models. | G16: printed p.54 | I16: Verified against source
A17: AI | B17: AIG-14 | C17: Assurance & Improvement | D17: AI testing, incident management and escalation. | E17: 2 | F17: Model risk lifecycle controls apply; AI-specific testing/incident-escalation is not separately disclosed. | G17: printed p.54 | I17: Verified against source
A18: AI | B18: AIG-15 | C18: Assurance & Improvement | D18: Independent assurance / audit / management review of AI governance. | E18: 3 | F18: Internal Audit (third line) and model risk governance provide assurance over models incl. AI; AI-specific assurance is not separately framed. | G18: printed p.38, 54 | I18: Verified against source
A19: CYBER | B19: CYG-01 | C19: Leadership & Accountability | D19: Board-approved cybersecurity / information-security policy. | E19: 3 | F19: A dedicated cyber security function aligns to the NIST-based Cyber Risk Institute profile within the ERMF; an explicit board-approved cyber policy is not separately stated. | G19: printed p.54 | H19: Cyber aligned to NIST CRI profile (RQ3). | I19: Verified against source
A20: CYBER | B20: CYG-02 | C20: Leadership & Accountability | D20: Board oversight of cyber risk with a named senior owner (CISO). | E20: 4 | F20: A dedicated cyber security function is led by the Chief Information Security Officer; a Technology, Cyber and Resilience committee and the Board Risk Committee provide oversight. | G20: printed p.52, 54 | I20: Verified against source
A21: CYBER | B21: CYG-03 | C21: Leadership & Accountability | D21: Cyber risk embedded in enterprise risk-management strategy. | E21: 4 | F21: Cyber sits within the Enterprise Risk Management Framework and Group Risk Taxonomy under a three-lines-of-defence model and a Technology, Cyber and Resilience committee. | G21: printed p.52 | I21: Verified against source
A22: CYBER | B22: CYG-04 | C22: Risk Management | D22: Documented cyber risk assessment and stated risk appetite. | E22: 3 | F22: Cyber is a principal risk managed within the Board-approved risk appetite and ERMF. | G22: printed p.52, 54 | I22: Verified against source
A23: CYBER | B23: CYG-05 | C23: Risk Management | D23: Asset inventory / asset management. | E23: 2 | F23: An explicit asset inventory/asset-management capability is not disclosed. | G23: — | I23: Verified against source
A24: CYBER | B24: CYG-06 | C24: Risk Management | D24: Supply-chain / third-party cyber risk governance. | E24: 3 | F24: Third-party technology and cyber risks are managed within risk appetite and escalated to the Board. | G24: printed p.48, 55 | I24: Verified against source
A25: CYBER | B25: CYG-07 | C25: Protection & Resilience | D25: Access control and identity management. | E25: 2 | F25: Protection against attempts to access/disrupt systems is referenced; explicit access-control/identity-management detail is not disclosed. | G25: printed p.54 | I25: Verified against source
A26: CYBER | B26: CYG-08 | C26: Protection & Resilience | D26: Data security (confidentiality, integrity, availability). | E26: 3 | F26: Cyber controls protect systems and data against unauthorised access, disruption and compromise, with a resilience focus. | G26: printed p.54 | I26: Verified against source
A27: CYBER | B27: CYG-09 | C27: Protection & Resilience | D27: Operational resilience / ICT continuity. | E27: 4 | F27: As a financial market infrastructure provider, operational resilience is a priority; cloud migration enhances resilience, recovery strategies are tested, and major incidents were reduced by 50%. | G27: printed p.13, 54 | I27: Verified against source
A28: CYBER | B28: CYG-10 | C28: Detection & Response | D28: Continuous monitoring / threat detection. | E28: 3 | F28: Threat intelligence is proactively gathered and improved monitoring tools support faster detection; a dedicated security operations centre is not separately detailed. | G28: printed p.54 | I28: Verified against source
A29: CYBER | B29: CYG-11 | C29: Detection & Response | D29: Incident response and management. | E29: 3 | F29: Improved detection and recovery when incidents occur; recovery strategies are tested; major incidents reduced by 50%. | G29: printed p.13, 54 | I29: Verified against source
A30: CYBER | B30: CYG-12 | C30: Detection & Response | D30: Threat-led penetration / resilience testing. | E30: 2 | F30: The cyber approach meets regulatory assurance standards; threat-led penetration testing is not named. | G30: printed p.54 | I30: MANUAL CHECK — evidence not confirmed by keyword search
A31: CYBER | B31: CYG-13 | C31: Assurance & Improvement | D31: Security monitoring metrics and board reporting. | E31: 3 | F31: A Technology, Cyber and Resilience committee oversees cyber and reports within the Board Risk Committee structure. | G31: printed p.52 | I31: Verified against source
... A48: INT | B48: INT-15 | C48: Assurance & Improvement | D48: Board links AI strategy to cyber resilience. | E48: 2 | F48: An AI commercial strategy and cyber/resilience are both Board-level priorities; an explicit board link between AI strategy and cyber resilience is not articulated. | G48: printed p.6, 54 | I48: Verified against source
A50: SUMMARY
A51: AI governance — mean maturity | B51: =IFERROR(AVERAGE(E4,E5,E6,E7,E8,E9,E10,E11,E12,E13,E14,E15,E16,E17,E18),"") -> 2.3333333 | I51: Verified against source
A52: Cyber governance — mean maturity | B52: =IFERROR(AVERAGE(E19,E20,E21,E22,E23,E24,E25,E26,E27,E28,E29,E30,E31,E32,E33),"") -> 2.9333333 | I52: Verified against source
A53: Integration — mean linkage | B53: =IFERROR(AVERAGE(E34,E35,E36,E37,E38,E39,E40,E41,E42,E43,E44,E45,E46,E47,E48),"") -> 2.0666667 | I53: Verified against source
A54: AI–cyber maturity gap (cyber − AI) | B54: =IFERROR(B52-B51,"") -> 0.6 | I54: Verified against source
A56: Shared-dimension comparison (comparable axes only — dims 1, 2, 5)
A57: Dimension | B57: AI mean | C57: Cyber mean | D57: Gap | E57: Integration mean | I57: Verified against source
A58: 1 Leadership & Accountability | B58: =IFERROR(AVERAGE(E4,E5,E6),"") -> 2 | C58: =IFERROR(AVERAGE(E19,E20,E21),"") -> 3.6666667 | D58: =IFERROR(C58-B58,"") -> 1.6666667 | E58: =IFERROR(AVERAGE(E34,E35,E36),"") -> 2.3333333 | I58: Verified against source
A59: 2 Risk Management | B59: =IFERROR(AVERAGE(E7,E8,E9),"") -> 3.6666667 | C59: =IFERROR(AVERAGE(E22,E23,E24),"") -> 2.6666667 | D59: =IFERROR(C59-B59,"") -> -1 | E59: =IFERROR(AVERAGE(E37,E38,E39),"") -> 2.6666667 | I59: Verified against source
A60: 5 Assurance & Improvement | B60: =IFERROR(AVERAGE(E16,E17,E18),"") -> 2.6666667 | C60: =IFERROR(AVERAGE(E31,E32,E33),"") -> 2.6666667 | D60: =IFERROR(C60-B60,"") -> 0 | E60: =IFERROR(AVERAGE(E46,E47,E48),"") -> 2.3333333 | I60: Verified against source
A63: Lifecycle & Data | E63: =IFERROR(ROUND(AVERAGE(E40:E42),2),"") -> 1.67
A64: Detect & Response | E64: =IFERROR(ROUND(AVERAGE(E43:E45),2),"") -> 1.33

Sheet Experian
A1: Firm: | E1: Sub-sector: | H1: Date | I1: PAGE OFFSET 1
B2: Experian plc | F2: Financial Infrastructure
A3: Pillar | B3: ID | C3: Dimension | D3: Indicator | E3: Score 1–5 | F3: Evidence summary | G3: Page ref | H3: Notes | I3: Verification status
A4: AI | B4: AIG-01 | C4: Leadership & Accountability | D4: Board / top-management-approved responsible-AI policy or principles. | E4: 4 | F4: A global AI Policy provides a framework for safe, responsible and scalable AI adoption, aligned to NIST's Trustworthy AI guidelines. | G4: printed p.25, 32, 52 | H4: Global AI Policy aligned to NIST Trustworthy AI. | I4: Verified; pages already printed (no shift)
A5: AI | B5: AIG-02 | C5: Leadership & Accountability | D5: Board / committee oversight of AI with a named senior owner (e.g. CAIO or accountable executive). | E5: 4 | F5: A Global AI Risk Council monitors AI developments and risks and reports to senior leadership, the Executive Risk Management Committee and the Board/Audit Committee; responsible-AI governance is embedded across product and operations. | G5: printed p.27, 52 | H5: Global AI Risk Council reports to Board/Audit. | I5: Verified; pages already printed (no shift)
A6: AI | B6: AIG-03 | C6: Leadership & Accountability | D6: Defined AI roles, responsibilities and competence / resourcing. | E6: 3 | F6: AI fluency underpins the people strategy and responsible-AI governance roles are embedded across the business. | G6: printed p.32, 52 | I6: Verified; pages already printed (no shift)
A7: AI | B7: AIG-04 | C7: Risk Management | D7: Documented AI risk assessment process and stated AI risk appetite / tolerance. | E7: 4 | F7: The Global AI Risk Council monitors AI risks; higher-risk AI uses require human oversight and harmful/discriminatory uses are prohibited. | G7: printed p.52 | I7: Verified; pages already printed (no shift)
A8: AI | B8: AIG-05 | C8: Risk Management | D8: AI/ML brought within the firm's model risk management framework. | E8: 3 | F8: AI adoption is governed via the AI Policy and AI Risk Council; the firm markets model-risk tooling, but its own AI governance is framed through responsible-AI rather than a classic model-risk framework. | G8: printed p.25, 52 | I8: Verified; pages already printed (no shift)
A9: AI | B9: AIG-06 | C9: Risk Management | D9: AI system / model inventory maintained. | E9: 2 | F9: An AI/model inventory for the firm's own use is not explicitly disclosed. | G9: — | I9: Verified; pages already printed (no shift)
A10: AI | B10: AIG-07 | C10: Lifecycle & Data | D10: Responsible-AI lifecycle controls (development → validation/V&V → operation). | E10: 4 | F10: Responsible-AI considerations are embedded at each stage from procurement and design to development and use, with human oversight for higher-risk uses. | G10: printed p.52 | I10: Verified; pages already printed (no shift)
A11: AI | B11: AIG-08 | C11: Lifecycle & Data | D11: Data governance for AI (data quality, provenance, lineage). | E11: 4 | F11: Five Global Data Principles (Security, Integrity, Fairness, Transparency, Inclusion) govern data, and AI is used in line with these principles. | G11: printed p.50, 52 | I11: Verified; pages already printed (no shift)
A12: AI | B12: AIG-09 | C12: Lifecycle & Data | D12: AI impact assessment on customers / individuals. | E12: 3 | F12: Higher-risk AI uses require human oversight, discriminatory uses are prohibited, and consumer-impact/transparency mechanisms (e.g. adverse-action notices) operate. | G12: printed p.52, 78 | I12: Verified; pages already printed (no shift)
A13: AI | B13: AIG-10 | C13: Transparency & Trustworthiness | D13: Fairness and harmful-bias management. | E13: 3 | F13: The Fairness Data Principle and prohibition of discriminatory AI uses operate; AI bias amplifying inequalities is acknowledged as a risk. | G13: printed p.50, 78 | I13: Verified; pages already printed (no shift)
A14: AI | B14: AIG-11 | C14: Transparency & Trustworthiness | D14: Transparency and explainability to users / affected parties. | E14: 3 | F14: The Transparency Data Principle and NIST trustworthy-AI alignment support transparency; consumers can access and correct data used in decisions. | G14: printed p.50, 52 | I14: Verified; pages already printed (no shift)
A15: AI | B15: AIG-12 | C15: Transparency & Trustworthiness | D15: Third-party / vendor AI risk governance. | E15: 3 | F15: Responsible-AI scope includes procurement of AI, and third-party risk management operates. | G15: printed p.52, 54 | I15: Verified; pages already printed (no shift)
A16: AI | B16: AIG-13 | C16: Assurance & Improvement | D16: Monitoring and measurement of AI performance and controls. | E16: 3 | F16: The Global AI Risk Council monitors evolving AI developments and risks with associated controls. | G16: printed p.52 | I16: Verified; pages already printed (no shift)
A17: AI | B17: AIG-14 | C17: Assurance & Improvement | D17: AI testing, incident management and escalation. | E17: 2 | F17: Controls protect individuals and data and human oversight applies; an AI-specific testing/incident process is not separately disclosed. | G17: printed p.52 | I17: Verified; pages already printed (no shift)
... A32: CYBER | B32: CYG-14 | C32: Assurance & Improvement | D32: Security awareness and training. | E32: 3 | F32: Security is a mandatory training topic and a security culture is emphasised. | G32: printed p.50, 54 | I32: Verified; pages already printed (no shift)
A33: CYBER | B33: CYG-15 | C33: Assurance & Improvement | D33: Independent assurance / audit / management review. | E33: 4 | F33: External cybersecurity audits annually, ISO 27001/PCI certifications and Global Internal Audit (third line) provide independent assurance. | G33: printed p.50, 103 | H33: ISO 27001 certified + annual external audits. | I33: Verified; pages already printed (no shift)
A34: INT | B34: INT-01 | C34: Leadership & Accountability | D34: A single committee / board body owns BOTH AI and cyber. | E34: 3 | F34: AI (Global AI Risk Council) and security (GSO/SCSC) converge at the Executive Risk Management Committee/enterprise risk oversight rather than one body owning both. | G34: printed p.27, 50, 52 | I34: Verified; pages already printed (no shift)
A35: INT | B35: INT-02 | C35: Leadership & Accountability | D35: CISO remit explicitly includes AI / joint accountability. | E35: 2 | F35: The CISO leads security and the AI Risk Council governs AI; the CISO remit is not stated to include AI governance. | G35: printed p.50, 52 | I35: Verified; pages already printed (no shift)
A36: INT | B36: INT-03 | C36: Leadership & Accountability | D36: Board reporting presents AI and cyber risk together. | E36: 3 | F36: Both the AI Risk Council and security report to the Board/Audit Committee. | G36: printed p.50, 52 | I36: Verified; pages already printed (no shift)
A37: INT | B37: INT-04 | C37: Risk Management | D37: AI risk recorded in the enterprise / cyber risk register. | E37: 3 | F37: AI risk is monitored by the AI Risk Council within enterprise risk oversight. | G37: printed p.27, 52 | I37: Verified; pages already printed (no shift)
A38: INT | B38: INT-05 | C38: Risk Management | D38: Shared risk taxonomy across AI and cyber. | E38: 3 | F38: AI governance is integrated with global risk oversight across the risk taxonomy. | G38: printed p.27, 71 | I38: Verified; pages already printed (no shift)
A39: INT | B39: INT-06 | C39: Risk Management | D39: AI sits within BOTH the model-risk and cyber-risk frameworks. | E39: 3 | F39: AI adoption is governed for responsible, secure and compliant use, linking AI governance and security. | G39: printed p.25, 52 | I39: Verified; pages already printed (no shift)
A40: INT | B40: INT-07 | C40: Lifecycle & Data | D40: Cyber controls embedded in the AI lifecycle. | E40: 3 | F40: Secure AI adoption and responsible-AI controls from procurement to use embed security in the AI lifecycle. | G40: printed p.25, 52 | I40: Verified; pages already printed (no shift)
A41: INT | B41: INT-08 | C41: Lifecycle & Data | D41: AI-specific threats addressed (adversarial, poisoning, model exfiltration). | E41: 2 | F41: AI bias/consumer-impact risks are acknowledged and secure AI adoption is required; specific adversarial/poisoning/exfiltration threats are not named. | G41: printed p.52, 78 | I41: Verified; pages already printed (no shift)
A42: INT | B42: INT-09 | C42: Lifecycle & Data | D42: Shared data governance across AI and security. | E42: 4 | F42: The Global Data Principles govern both data security and AI use, providing shared data governance across the two domains. | G42: printed p.50, 52 | H42: Global Data Principles span data + AI. | I42: Verified; pages already printed (no shift)
A43: INT | B43: INT-10 | C43: Detection & Response | D43: AI incidents run through the cyber incident-response process. | E43: 2 | F43: An incident-response team operates enterprise-wide; AI-specific incidents being routed through it are not disclosed. | G43: printed p.50 | I43: Verified; pages already printed (no shift)
A44: INT | B44: INT-11 | C44: Detection & Response | D44: AI used within cyber operations (detection / SOC). | E44: 1 | F44: AI used within cyber detection/SOC is not disclosed. | G44: — | I44: Verified; pages already printed (no shift)
A45: INT | B45: INT-12 | C45: Detection & Response | D45: Unified third-party assessment covering AI and ICT. | E45: 3 | F45: Third-party risk management covers ICT and AI procurement; a fully unified AI+ICT assessment is not separately disclosed. | G45: printed p.52, 54 | I45: Verified; pages already printed (no shift)
A46: INT | B46: INT-13 | C46: Assurance & Improvement | D46: Joint assurance / audit covering both domains. | E46: 3 | F46: The Audit Committee receives both AI Risk Council and security reporting and Internal Audit/external audits span both. | G46: printed p.50, 52, 105 | I46: Verified; pages already printed (no shift)
A47: INT | B47: INT-14 | C47: Assurance & Improvement | D47: Joint regulatory preparedness (AI Act + DORA + operational resilience). | E47: 3 | F47: NIST AI alignment, ISO 27001 and operational resilience are addressed; DORA and the EU AI Act are not named together as joint preparedness. | G47: printed p.32, 50 | I47: Verified; pages already printed (no shift)
A48: INT | B48: INT-15 | C48: Assurance & Improvement | D48: Board links AI strategy to cyber resilience. | E48: 3 | F48: AI-driven growth strategy and security/resilience are both Board priorities and AI governance is aligned with global risk oversight. | G48: printed p.9, 27 | I48: Verified; pages already printed (no shift)
A50: SUMMARY
A51: AI governance — mean maturity | B51: =IFERROR(AVERAGE(E4,E5,E6,E7,E8,E9,E10,E11,E12,E13,E14,E15,E16,E17,E18),"") -> 3.2 | I51: Verified; pages already printed (no shift)
A52: Cyber governance — mean maturity | B52: =IFERROR(AVERAGE(E19,E20,E21,E22,E23,E24,E25,E26,E27,E28,E29,E30,E31,E32,E33),"") -> 3.5333333 | I52: Verified; pages already printed (no shift)
A53: Integration — mean linkage | B53: =IFERROR(AVERAGE(E34,E35,E36,E37,E38,E39,E40,E41,E42,E43,E44,E45,E46,E47,E48),"") -> 2.7333333 | I53: Verified; pages already printed (no shift)
A54: AI–cyber maturity gap (cyber − AI) | B54: =IFERROR(B52-B51,"") -> 0.33333333 | I54: Verified; pages already printed (no shift)
A56: Shared-dimension comparison (comparable axes only — dims 1, 2, 5)
A57: Dimension | B57: AI mean | C57: Cyber mean | D57: Gap | E57: Integration mean | I57: Verified; pages already printed (no shift)
A58: 1 Leadership & Accountability | B58: =IFERROR(AVERAGE(E4,E5,E6),"") -> 3.6666667 | C58: =IFERROR(AVERAGE(E19,E20,E21),"") -> 4 | D58: =IFERROR(C58-B58,"") -> 0.33333333 | E58: =IFERROR(AVERAGE(E34,E35,E36),"") -> 2.6666667 | I58: Verified; pages already printed (no shift)
A59: 2 Risk Management | B59: =IFERROR(AVERAGE(E7,E8,E9),"") -> 3 | C59: =IFERROR(AVERAGE(E22,E23,E24),"") -> 3 | D59: =IFERROR(C59-B59,"") -> 0 | E59: =IFERROR(AVERAGE(E37,E38,E39),"") -> 3 | I59: Verified; pages already printed (no shift)
A60: 5 Assurance & Improvement | B60: =IFERROR(AVERAGE(E16,E17,E18),"") -> 2.6666667 | C60: =IFERROR(AVERAGE(E31,E32,E33),"") -> 3.3333333 | D60: =IFERROR(C60-B60,"") -> 0.66666667 | E60: =IFERROR(AVERAGE(E46,E47,E48),"") -> 3 | I60: Verified; pages already printed (no shift)
A63: Lifecycle & Data | E63: =IFERROR(ROUND(AVERAGE(E40:E42),2),"") -> 3
A64: Detect & Response | E64: =IFERROR(ROUND(AVERAGE(E43:E45),2),"") -> 2

Sheet Wise
A1: Firm: | E1: Sub-sector: | H1: Date | I1: PAGE OFFSET 1
B2: Wise plc | F2: Financial Infrastructure
A3: Pillar | B3: ID | C3: Dimension | D3: Indicator | E3: Score 1–5 | F3: Evidence summary | G3: Page ref | H3: Notes | I3: Verification status
A4: AI | B4: AIG-01 | C4: Leadership & Accountability | D4: Board / top-management-approved responsible-AI policy or principles. | E4: 1 | F4: No responsible-AI policy, principles or governance framework is disclosed; AI/ML appears in risk factors and within model risk. | G4: printed p.32, 53 | H4: No AI governance framework disclosed. | I4: Verified; pages already printed (no shift)
A5: AI | B5: AIG-02 | C5: Leadership & Accountability | D5: Board / committee oversight of AI with a named senior owner (e.g. CAIO or accountable executive). | E5: 2 | F5: AI/ML risk is overseen within the Risk Committee via model risk and risk factors; no AI-specific committee or named AI owner is disclosed. | G5: printed p.17, 53 | I5: Verified; pages already printed (no shift)
A6: AI | B6: AIG-03 | C6: Leadership & Accountability | D6: Defined AI roles, responsibilities and competence / resourcing. | E6: 1 | F6: AI-specific governance roles or training are not disclosed. | G6: — | I6: Verified; pages already printed (no shift)
A7: AI | B7: AIG-04 | C7: Risk Management | D7: Documented AI risk assessment process and stated AI risk appetite / tolerance. | E7: 2 | F7: AI/ML model risk (errors, biased data, failure to adapt to new fraud patterns) is acknowledged and managed within the risk framework. | G7: printed p.53 | I7: Verified; pages already printed (no shift)
A8: AI | B8: AIG-05 | C8: Risk Management | D8: AI/ML brought within the firm's model risk management framework. | E8: 2 | F8: AI/ML used in critical functions (financial-crime detection, transaction monitoring) is recognised as model risk; a formal model-risk-management framework is not detailed. | G8: printed p.53 | I8: Verified; pages already printed (no shift)
A9: AI | B9: AIG-06 | C9: Risk Management | D9: AI system / model inventory maintained. | E9: 1 | F9: An AI/model inventory is not disclosed. | G9: — | I9: Verified; pages already printed (no shift)
A10: AI | B10: AIG-07 | C10: Lifecycle & Data | D10: Responsible-AI lifecycle controls (development → validation/V&V → operation). | E10: 1 | F10: Responsible AI development/deployment is referenced as an aim; AI lifecycle controls are not detailed. | G10: printed p.32 | I10: Verified; pages already printed (no shift)
A11: AI | B11: AIG-08 | C11: Lifecycle & Data | D11: Data governance for AI (data quality, provenance, lineage). | E11: 2 | F11: Data privacy and security obligations and customer-data protection apply; AI-specific data governance is not separately framed. | G11: printed p.41 | I11: Verified; pages already printed (no shift)
A12: AI | B12: AIG-09 | C12: Lifecycle & Data | D12: AI impact assessment on customers / individuals. | E12: 2 | F12: The risk that AI/ML in critical functions could be biased or harmful to consumers is acknowledged; a formal AI impact assessment is not disclosed. | G12: printed p.53 | I12: Verified; pages already printed (no shift)
A13: AI | B13: AIG-10 | C13: Transparency & Trustworthiness | D13: Fairness and harmful-bias management. | E13: 2 | F13: The risk of biased AI/ML outputs is acknowledged; AI fairness/bias controls or testing are not disclosed. | G13: printed p.53 | I13: Verified; pages already printed (no shift)
A14: AI | B14: AIG-11 | C14: Transparency & Trustworthiness | D14: Transparency and explainability to users / affected parties. | E14: 1 | F14: AI transparency/explainability to users is not disclosed. | G14: — | I14: Verified; pages already printed (no shift)
A15: AI | B15: AIG-12 | C15: Transparency & Trustworthiness | D15: Third-party / vendor AI risk governance. | E15: 2 | F15: Vendor/third-party risk management operates; AI-specific vendor governance is not separately disclosed. | G15: printed p.165 | I15: Verified; pages already printed (no shift)
A16: AI | B16: AIG-13 | C16: Assurance & Improvement | D16: Monitoring and measurement of AI performance and controls. | E16: 2 | F16: AI/ML models in transaction monitoring are monitored within model risk; AI-specific performance measurement is not separately detailed. | G16: printed p.53 | I16: Verified; pages already printed (no shift)
... A19: CYBER | B19: CYG-01 | C19: Leadership & Accountability | D19: Board-approved cybersecurity / information-security policy. | E19: 4 | F19: A comprehensive cybersecurity programme protecting confidentiality, integrity and availability is integral to the ERMF, with the CISO owning the Information Security Management System. | G19: printed p.165, 166 | I19: Verified; pages already printed (no shift)
A20: CYBER | B20: CYG-02 | C20: Leadership & Accountability | D20: Board oversight of cyber risk with a named senior owner (CISO). | E20: 4 | F20: The Global CISO owns the ISMS, has a direct reporting line to the Audit and Risk Committee and reports to the Risk Committee at least annually. | G20: printed p.166 | H20: CISO owns ISMS; reports to Audit & Risk Committee. | I20: Verified; pages already printed (no shift)
A21: CYBER | B21: CYG-03 | C21: Leadership & Accountability | D21: Cyber risk embedded in enterprise risk-management strategy. | E21: 4 | F21: The cybersecurity programme sits within the ERMF under a three-lines-of-defence model, with an Operational Risk Committee overseeing technology and security risk. | G21: printed p.165, 166 | I21: Verified; pages already printed (no shift)
A22: CYBER | B22: CYG-04 | C22: Risk Management | D22: Documented cyber risk assessment and stated risk appetite. | E22: 4 | F22: Cyber threats are managed through a Risk and Control Self-Assessment process with risk scoring and a centralised risk register. | G22: printed p.165 | I22: Verified; pages already printed (no shift)
A23: CYBER | B23: CYG-05 | C23: Risk Management | D23: Asset inventory / asset management. | E23: 2 | F23: An explicit asset inventory/asset-management capability is not disclosed. | G23: — | I23: Verified; pages already printed (no shift)
A24: CYBER | B24: CYG-06 | C24: Risk Management | D24: Supply-chain / third-party cyber risk governance. | E24: 3 | F24: Vendor risk is assessed against operational-resilience standards; acquisition-related cyber risk is acknowledged. | G24: printed p.48, 165 | I24: Verified; pages already printed (no shift)
A25: CYBER | B25: CYG-07 | C25: Protection & Resilience | D25: Access control and identity management. | E25: 2 | F25: Authorised-access risks are referenced; detailed identity/access-management is not disclosed. | G25: printed p.47 | I25: Verified; pages already printed (no shift)
A26: CYBER | B26: CYG-08 | C26: Protection & Resilience | D26: Data security (confidentiality, integrity, availability). | E26: 4 | F26: The programme protects the confidentiality, integrity and availability of technology infrastructure and customer data. | G26: printed p.165 | I26: Verified; pages already printed (no shift)
A27: CYBER | B27: CYG-09 | C27: Protection & Resilience | D27: Operational resilience / ICT continuity. | E27: 3 | F27: Operational resilience is supported via vendor standards and the ERMF; no material cybersecurity incident is reported to date. | G27: printed p.165 | I27: Verified; pages already printed (no shift)
A28: CYBER | B28: CYG-10 | C28: Detection & Response | D28: Continuous monitoring / threat detection. | E28: 3 | F28: The CISO reports on the threat landscape and a specialised team conducts continuous monitoring/validation to stay ahead of threats. | G28: printed p.165, 166 | I28: Verified; pages already printed (no shift)
A29: CYBER | B29: CYG-11 | C29: Detection & Response | D29: Incident response and management. | E29: 3 | F29: Cybersecurity incidents are experienced in the ordinary course with none material to date; the programme covers detection and response. | G29: printed p.165 | I29: Verified; pages already printed (no shift)
A30: CYBER | B30: CYG-12 | C30: Detection & Response | D30: Threat-led penetration / resilience testing. | E30: 3 | F30: Regular technical and non-technical assessments are managed by internal and external independent parties; threat-led penetration testing is not separately named. | G30: printed p.165 | I30: Verified; pages already printed (no shift)
A31: CYBER | B31: CYG-13 | C31: Assurance & Improvement | D31: Security monitoring metrics and board reporting. | E31: 4 | F31: The CISO reports security metrics to the Risk Committee and high-rated residual risks are escalated; an Operational Risk Committee prioritises security risk. | G31: printed p.165, 166 | I31: Verified; pages already printed (no shift)
A32: CYBER | B32: CYG-14 | C32: Assurance & Improvement | D32: Security awareness and training. | E32: 2 | F32: The specialised security/financial-crime team receives continuous training; organisation-wide security-awareness training is not separately detailed. | G32: printed p.166 | I32: Verified; pages already printed (no shift)
... A48: INT | B48: INT-15 | C48: Assurance & Improvement | D48: Board links AI strategy to cyber resilience. | E48: 2 | F48: AI/ML and cyber are both risk-managed; an explicit board link between AI strategy and cyber resilience is not articulated. | G48: printed p.41 | I48: Verified; pages already printed (no shift)
A50: SUMMARY
A51: AI governance — mean maturity | B51: =IFERROR(AVERAGE(E4,E5,E6,E7,E8,E9,E10,E11,E12,E13,E14,E15,E16,E17,E18),"") -> 1.6 | I51: Verified; pages already printed (no shift)
A52: Cyber governance — mean maturity | B52: =IFERROR(AVERAGE(E19,E20,E21,E22,E23,E24,E25,E26,E27,E28,E29,E30,E31,E32,E33),"") -> 3.2666667 | I52: Verified; pages already printed (no shift)
A53: Integration — mean linkage | B53: =IFERROR(AVERAGE(E34,E35,E36,E37,E38,E39,E40,E41,E42,E43,E44,E45,E46,E47,E48),"") -> 2.0666667 | I53: Verified; pages already printed (no shift)
A54: AI–cyber maturity gap (cyber − AI) | B54: =IFERROR(B52-B51,"") -> 1.6666667 | I54: Verified; pages already printed (no shift)
A56: Shared-dimension comparison (comparable axes only — dims 1, 2, 5)
A57: Dimension | B57: AI mean | C57: Cyber mean | D57: Gap | E57: Integration mean | I57: Verified; pages already printed (no shift)
A58: 1 Leadership & Accountability | B58: =IFERROR(AVERAGE(E4,E5,E6),"") -> 1.3333333 | C58: =IFERROR(AVERAGE(E19,E20,E21),"") -> 4 | D58: =IFERROR(C58-B58,"") -> 2.6666667 | E58: =IFERROR(AVERAGE(E34,E35,E36),"") -> 2.3333333 | I58: Verified; pages already printed (no shift)
A59: 2 Risk Management | B59: =IFERROR(AVERAGE(E7,E8,E9),"") -> 1.6666667 | C59: =IFERROR(AVERAGE(E22,E23,E24),"") -> 3 | D59: =IFERROR(C59-B59,"") -> 1.3333333 | E59: =IFERROR(AVERAGE(E37,E38,E39),"") -> 3 | I59: Verified; pages already printed (no shift)
A60: 5 Assurance & Improvement | B60: =IFERROR(AVERAGE(E16,E17,E18),"") -> 1.6666667 | C60: =IFERROR(AVERAGE(E31,E32,E33),"") -> 3.3333333 | D60: =IFERROR(C60-B60,"") -> 1.6666667 | E60: =IFERROR(AVERAGE(E46,E47,E48),"") -> 2 | I60: Verified; pages already printed (no shift)
A63: Lifecyle & Data | E63: =IFERROR(ROUND(AVERAGE(E40:E42),2),"") -> 1.67
A64: Detect & Response | E64: =IFERROR(ROUND(AVERAGE(E43:E45),2),"") -> 1.33
